Time,Day,Event,Truck,Tank,Truck State,Tank State,Truck Location,Tank Location
0,1,TANK_FILL_STARTED,,1,,FILLING,,POINT_A
0,1,TANK_FILL_STARTED,,2,,FILLING,,POINT_A
0,1,TANK_FILL_STARTED,,3,,FILLING,,POINT_A
0,1,TANK_FILL_STARTED,,4,,FILLING,,POINT_A
0,1,TANK_FILL_STARTED,,5,,FILLING,,POINT_A
0,1,TANK_FILL_STARTED,,6,,FILLING,,POINT_A
120,1,TANK_FILL_COMPLETED,,1,,READY_AT_A,,POINT_A
120,1,TANK_FILL_COMPLETED,,2,,READY_AT_A,,POINT_A
120,1,TANK_FILL_COMPLETED,,3,,READY_AT_A,,POINT_A
120,1,TANK_FILL_COMPLETED,,4,,READY_AT_A,,POINT_A
120,1,TANK_FILL_COMPLETED,,5,,READY_AT_A,,POINT_A
120,1,TANK_FILL_COMPLETED,,6,,READY_AT_A,,POINT_A
120,1,TRUCK_DEPARTED,1,1,DRIVING_TO_C,IN_TRANSIT_TO_C,IN_TRANSIT_TO_C,IN_TRANSIT_TO_C
120,1,TRUCK_DEPARTED,2,2,DRIVING_TO_C,IN_TRANSIT_TO_C,IN_TRANSIT_TO_C,IN_TRANSIT_TO_C
120,1,TRUCK_DEPARTED,3,3,DRIVING_TO_C,IN_TRANSIT_TO_C,IN_TRANSIT_TO_C,IN_TRANSIT_TO_C
120,1,TRUCK_DEPARTED,4,4,DRIVING_TO_C,IN_TRANSIT_TO_C,IN_TRANSIT_TO_C,IN_TRANSIT_TO_C
120,1,TRUCK_DEPARTED,5,5,DRIVING_TO_C,IN_TRANSIT_TO_C,IN_TRANSIT_TO_C,IN_TRANSIT_TO_C
225,1,TRUCK_ARRIVED,1,1,IDLE_AT_C,SUPPLYING,POINT_C,POINT_C
225,1,TRUCK_ARRIVED,2,2,IDLE_AT_C,WAITING_AT_C,POINT_C,POINT_C
225,1,TRUCK_ARRIVED,3,3,IDLE_AT_C,WAITING_AT_C,POINT_C,POINT_C
225,1,TRUCK_ARRIVED,4,4,IDLE_AT_C,WAITING_AT_C,POINT_C,POINT_C
225,1,TRUCK_ARRIVED,5,5,IDLE_AT_C,WAITING_AT_C,POINT_C,POINT_C
645,1,SUPPLY_STARTED,,6,,SUPPLYING,,POINT_C
705,1,TANK_EMPTY,,1,,EMPTY_AT_C,,POINT_C
705,1,TRUCK_RETURN_DEPARTED,1,1,DRIVING_TO_A,IN_TRANSIT_TO_A,IN_TRANSIT_TO_A,IN_TRANSIT_TO_A
810,1,TRUCK_RETURN_ARRIVED,1,1,IDLE_AT_A,EMPTY_AT_A,POINT_A,POINT_A
810,1,TANK_FILL_STARTED,,1,,FILLING,,POINT_A
930,1,TANK_FILL_COMPLETED,,1,,READY_AT_A,,POINT_A
1065,1,SUPPLY_STARTED,,2,,SUPPLYING,,POINT_C
1125,2,TANK_EMPTY,,6,,EMPTY_AT_C,,POINT_C
1440,2,WORKDAY_STARTED,,,,,,
1440,2,TRUCK_DEPARTED,1,1,DRIVING_TO_C,IN_TRANSIT_TO_C,IN_TRANSIT_TO_C,IN_TRANSIT_TO_C
1440,2,TRUCK_RETURN_DEPARTED,2,6,DRIVING_TO_A,IN_TRANSIT_TO_A,IN_TRANSIT_TO_A,IN_TRANSIT_TO_A
1485,2,SUPPLY_STARTED,,3,,SUPPLYING,,POINT_C
1545,2,TANK_EMPTY,,2,,EMPTY_AT_C,,POINT_C
1545,2,TRUCK_ARRIVED,1,1,IDLE_AT_C,WAITING_AT_C,POINT_C,POINT_C
1545,2,TRUCK_RETURN_ARRIVED,2,6,IDLE_AT_A,EMPTY_AT_A,POINT_A,POINT_A
1545,2,TRUCK_RETURN_DEPARTED,3,2,DRIVING_TO_A,IN_TRANSIT_TO_A,IN_TRANSIT_TO_A,IN_TRANSIT_TO_A
1545,2,TANK_FILL_STARTED,,6,,FILLING,,POINT_A
1650,2,TRUCK_RETURN_ARRIVED,3,2,IDLE_AT_A,EMPTY_AT_A,POINT_A,POINT_A
1650,2,TANK_FILL_STARTED,,2,,FILLING,,POINT_A
1665,2,TANK_FILL_COMPLETED,,6,,READY_AT_A,,POINT_A
1770,2,TANK_FILL_COMPLETED,,2,,READY_AT_A,,POINT_A
1800,2,DISPATCH_READY,,,,,,
1800,2,TRUCK_DEPARTED,2,6,DRIVING_TO_C,IN_TRANSIT_TO_C,IN_TRANSIT_TO_C,IN_TRANSIT_TO_C
1800,2,TRUCK_DEPARTED,3,2,DRIVING_TO_C,IN_TRANSIT_TO_C,IN_TRANSIT_TO_C,IN_TRANSIT_TO_C
1905,2,SUPPLY_STARTED,,4,,SUPPLYING,,POINT_C
1905,2,TRUCK_ARRIVED,2,6,IDLE_AT_C,WAITING_AT_C,POINT_C,POINT_C
1905,2,TRUCK_ARRIVED,3,2,IDLE_AT_C,WAITING_AT_C,POINT_C,POINT_C
1965,2,TANK_EMPTY,,3,,EMPTY_AT_C,,POINT_C
1965,2,TRUCK_RETURN_DEPARTED,4,3,DRIVING_TO_A,IN_TRANSIT_TO_A,IN_TRANSIT_TO_A,IN_TRANSIT_TO_A
2070,2,TRUCK_RETURN_ARRIVED,4,3,IDLE_AT_A,EMPTY_AT_A,POINT_A,POINT_A
2070,2,TANK_FILL_STARTED,,3,,FILLING,,POINT_A
2190,2,TANK_FILL_COMPLETED,,3,,READY_AT_A,,POINT_A
2325,2,SUPPLY_STARTED,,5,,SUPPLYING,,POINT_C
2385,2,TANK_EMPTY,,4,,EMPTY_AT_C,,POINT_C
2745,3,SUPPLY_STARTED,,1,,SUPPLYING,,POINT_C
2805,3,TANK_EMPTY,,5,,EMPTY_AT_C,,POINT_C
2880,3,WORKDAY_STARTED,,,,,,
2880,3,TRUCK_RETURN_DEPARTED,5,4,DRIVING_TO_A,IN_TRANSIT_TO_A,IN_TRANSIT_TO_A,IN_TRANSIT_TO_A
2880,3,TRUCK_RETURN_DEPARTED,1,5,DRIVING_TO_A,IN_TRANSIT_TO_A,IN_TRANSIT_TO_A,IN_TRANSIT_TO_A
2985,3,TRUCK_RETURN_ARRIVED,5,4,IDLE_AT_A,EMPTY_AT_A,POINT_A,POINT_A
2985,3,TRUCK_RETURN_ARRIVED,1,5,IDLE_AT_A,EMPTY_AT_A,POINT_A,POINT_A
2985,3,TANK_FILL_STARTED,,4,,FILLING,,POINT_A
2985,3,TANK_FILL_STARTED,,5,,FILLING,,POINT_A
3060,3,DISPATCH_READY,,,,,,
3060,3,TRUCK_DEPARTED,4,3,DRIVING_TO_C,IN_TRANSIT_TO_C,IN_TRANSIT_TO_C,IN_TRANSIT_TO_C
3105,3,TANK_FILL_COMPLETED,,4,,READY_AT_A,,POINT_A
3105,3,TANK_FILL_COMPLETED,,5,,READY_AT_A,,POINT_A
3105,3,TRUCK_DEPARTED,5,4,DRIVING_TO_C,IN_TRANSIT_TO_C,IN_TRANSIT_TO_C,IN_TRANSIT_TO_C
3105,3,TRUCK_DEPARTED,1,5,DRIVING_TO_C,IN_TRANSIT_TO_C,IN_TRANSIT_TO_C,IN_TRANSIT_TO_C
3165,3,SUPPLY_STARTED,,6,,SUPPLYING,,POINT_C
3165,3,TRUCK_ARRIVED,4,3,IDLE_AT_C,WAITING_AT_C,POINT_C,POINT_C
3210,3,TRUCK_ARRIVED,5,4,IDLE_AT_C,WAITING_AT_C,POINT_C,POINT_C
3210,3,TRUCK_ARRIVED,1,5,IDLE_AT_C,WAITING_AT_C,POINT_C,POINT_C
3225,3,TANK_EMPTY,,1,,EMPTY_AT_C,,POINT_C
3225,3,TRUCK_RETURN_DEPARTED,2,1,DRIVING_TO_A,IN_TRANSIT_TO_A,IN_TRANSIT_TO_A,IN_TRANSIT_TO_A
3330,3,TRUCK_RETURN_ARRIVED,2,1,IDLE_AT_A,EMPTY_AT_A,POINT_A,POINT_A
3330,3,TANK_FILL_STARTED,,1,,FILLING,,POINT_A
3450,3,TANK_FILL_COMPLETED,,1,,READY_AT_A,,POINT_A
3480,3,DISPATCH_READY,,,,,,
3480,3,TRUCK_DEPARTED,2,1,DRIVING_TO_C,IN_TRANSIT_TO_C,IN_TRANSIT_TO_C,IN_TRANSIT_TO_C
3585,3,SUPPLY_STARTED,,2,,SUPPLYING,,POINT_C
3585,3,TRUCK_ARRIVED,2,1,IDLE_AT_C,WAITING_AT_C,POINT_C,POINT_C
3645,3,TANK_EMPTY,,6,,EMPTY_AT_C,,POINT_C
4005,4,SUPPLY_STARTED,,3,,SUPPLYING,,POINT_C
4065,4,TANK_EMPTY,,2,,EMPTY_AT_C,,POINT_C
4320,4,WORKDAY_STARTED,,,,,,
4320,4,TRUCK_RETURN_DEPARTED,3,6,DRIVING_TO_A,IN_TRANSIT_TO_A,IN_TRANSIT_TO_A,IN_TRANSIT_TO_A
4320,4,TRUCK_RETURN_DEPARTED,4,2,DRIVING_TO_A,IN_TRANSIT_TO_A,IN_TRANSIT_TO_A,IN_TRANSIT_TO_A
4425,4,SUPPLY_STARTED,,4,,SUPPLYING,,POINT_C
4425,4,TRUCK_RETURN_ARRIVED,3,6,IDLE_AT_A,EMPTY_AT_A,POINT_A,POINT_A
4425,4,TRUCK_RETURN_ARRIVED,4,2,IDLE_AT_A,EMPTY_AT_A,POINT_A,POINT_A
4425,4,TANK_FILL_STARTED,,6,,FILLING,,POINT_A
4425,4,TANK_FILL_STARTED,,2,,FILLING,,POINT_A
4485,4,TANK_EMPTY,,3,,EMPTY_AT_C,,POINT_C
4485,4,TRUCK_RETURN_DEPARTED,5,3,DRIVING_TO_A,IN_TRANSIT_TO_A,IN_TRANSIT_TO_A,IN_TRANSIT_TO_A
4545,4,TANK_FILL_COMPLETED,,6,,READY_AT_A,,POINT_A
4545,4,TANK_FILL_COMPLETED,,2,,READY_AT_A,,POINT_A
4590,4,TRUCK_RETURN_ARRIVED,5,3,IDLE_AT_A,EMPTY_AT_A,POINT_A,POINT_A
4590,4,TANK_FILL_STARTED,,3,,FILLING,,POINT_A
4710,4,TANK_FILL_COMPLETED,,3,,READY_AT_A,,POINT_A
4740,4,DISPATCH_READY,,,,,,
4740,4,TRUCK_DEPARTED,3,6,DRIVING_TO_C,IN_TRANSIT_TO_C,IN_TRANSIT_TO_C,IN_TRANSIT_TO_C
4740,4,TRUCK_DEPARTED,4,2,DRIVING_TO_C,IN_TRANSIT_TO_C,IN_TRANSIT_TO_C,IN_TRANSIT_TO_C
4740,4,TRUCK_DEPARTED,5,3,DRIVING_TO_C,IN_TRANSIT_TO_C,IN_TRANSIT_TO_C,IN_TRANSIT_TO_C
4845,4,SUPPLY_STARTED,,5,,SUPPLYING,,POINT_C
4845,4,TRUCK_ARRIVED,3,6,IDLE_AT_C,WAITING_AT_C,POINT_C,POINT_C
4845,4,TRUCK_ARRIVED,4,2,IDLE_AT_C,WAITING_AT_C,POINT_C,POINT_C
4845,4,TRUCK_ARRIVED,5,3,IDLE_AT_C,WAITING_AT_C,POINT_C,POINT_C
4905,4,TANK_EMPTY,,4,,EMPTY_AT_C,,POINT_C
4905,4,TRUCK_RETURN_DEPARTED,1,4,DRIVING_TO_A,IN_TRANSIT_TO_A,IN_TRANSIT_TO_A,IN_TRANSIT_TO_A
5010,4,TRUCK_RETURN_ARRIVED,1,4,IDLE_AT_A,EMPTY_AT_A,POINT_A,POINT_A
5010,4,TANK_FILL_STARTED,,4,,FILLING,,POINT_A
5130,4,TANK_FILL_COMPLETED,,4,,READY_AT_A,,POINT_A
5265,4,SUPPLY_STARTED,,1,,SUPPLYING,,POINT_C
5325,4,TANK_EMPTY,,5,,EMPTY_AT_C,,POINT_C
5685,5,SUPPLY_STARTED,,6,,SUPPLYING,,POINT_C
5745,5,TANK_EMPTY,,1,,EMPTY_AT_C,,POINT_C
5760,5,WORKDAY_STARTED,,,,,,
5760,5,TRUCK_RETURN_DEPARTED,2,5,DRIVING_TO_A,IN_TRANSIT_TO_A,IN_TRANSIT_TO_A,IN_TRANSIT_TO_A
5760,5,TRUCK_RETURN_DEPARTED,3,1,DRIVING_TO_A,IN_TRANSIT_TO_A,IN_TRANSIT_TO_A,IN_TRANSIT_TO_A
5865,5,TRUCK_RETURN_ARRIVED,2,5,IDLE_AT_A,EMPTY_AT_A,POINT_A,POINT_A
5865,5,TRUCK_RETURN_ARRIVED,3,1,IDLE_AT_A,EMPTY_AT_A,POINT_A,POINT_A
5865,5,TANK_FILL_STARTED,,5,,FILLING,,POINT_A
5865,5,TANK_FILL_STARTED,,1,,FILLING,,POINT_A
5985,5,TANK_FILL_COMPLETED,,5,,READY_AT_A,,POINT_A
5985,5,TANK_FILL_COMPLETED,,1,,READY_AT_A,,POINT_A
6000,5,DISPATCH_READY,,,,,,
6000,5,TRUCK_DEPARTED,1,4,DRIVING_TO_C,IN_TRANSIT_TO_C,IN_TRANSIT_TO_C,IN_TRANSIT_TO_C
6000,5,TRUCK_DEPARTED,2,5,DRIVING_TO_C,IN_TRANSIT_TO_C,IN_TRANSIT_TO_C,IN_TRANSIT_TO_C
6000,5,TRUCK_DEPARTED,3,1,DRIVING_TO_C,IN_TRANSIT_TO_C,IN_TRANSIT_TO_C,IN_TRANSIT_TO_C
6105,5,SUPPLY_STARTED,,2,,SUPPLYING,,POINT_C
6105,5,TRUCK_ARRIVED,1,4,IDLE_AT_C,WAITING_AT_C,POINT_C,POINT_C
6105,5,TRUCK_ARRIVED,2,5,IDLE_AT_C,WAITING_AT_C,POINT_C,POINT_C
6105,5,TRUCK_ARRIVED,3,1,IDLE_AT_C,WAITING_AT_C,POINT_C,POINT_C
6165,5,TANK_EMPTY,,6,,EMPTY_AT_C,,POINT_C
6165,5,TRUCK_RETURN_DEPARTED,4,6,DRIVING_TO_A,IN_TRANSIT_TO_A,IN_TRANSIT_TO_A,IN_TRANSIT_TO_A
6270,5,TRUCK_RETURN_ARRIVED,4,6,IDLE_AT_A,EMPTY_AT_A,POINT_A,POINT_A
6270,5,TANK_FILL_STARTED,,6,,FILLING,,POINT_A
6390,5,TANK_FILL_COMPLETED,,6,,READY_AT_A,,POINT_A
6420,5,DISPATCH_READY,,,,,,
6420,5,TRUCK_DEPARTED,4,6,DRIVING_TO_C,IN_TRANSIT_TO_C,IN_TRANSIT_TO_C,IN_TRANSIT_TO_C
6525,5,SUPPLY_STARTED,,3,,SUPPLYING,,POINT_C
6525,5,TRUCK_ARRIVED,4,6,IDLE_AT_C,WAITING_AT_C,POINT_C,POINT_C
6585,5,TANK_EMPTY,,2,,EMPTY_AT_C,,POINT_C
6945,6,SUPPLY_STARTED,,4,,SUPPLYING,,POINT_C
7005,6,TANK_EMPTY,,3,,EMPTY_AT_C,,POINT_C
7200,6,WORKDAY_STARTED,,,,,,
7200,6,TRUCK_RETURN_DEPARTED,5,2,DRIVING_TO_A,IN_TRANSIT_TO_A,IN_TRANSIT_TO_A,IN_TRANSIT_TO_A
7200,6,TRUCK_RETURN_DEPARTED,1,3,DRIVING_TO_A,IN_TRANSIT_TO_A,IN_TRANSIT_TO_A,IN_TRANSIT_TO_A
7305,6,TRUCK_RETURN_ARRIVED,5,2,IDLE_AT_A,EMPTY_AT_A,POINT_A,POINT_A
7305,6,TRUCK_RETURN_ARRIVED,1,3,IDLE_AT_A,EMPTY_AT_A,POINT_A,POINT_A
7305,6,TANK_FILL_STARTED,,2,,FILLING,,POINT_A
7305,6,TANK_FILL_STARTED,,3,,FILLING,,POINT_A
7365,6,SUPPLY_STARTED,,5,,SUPPLYING,,POINT_C
7425,6,TANK_EMPTY,,4,,EMPTY_AT_C,,POINT_C
7425,6,TANK_FILL_COMPLETED,,2,,READY_AT_A,,POINT_A
7425,6,TANK_FILL_COMPLETED,,3,,READY_AT_A,,POINT_A
7425,6,TRUCK_RETURN_DEPARTED,2,4,DRIVING_TO_A,IN_TRANSIT_TO_A,IN_TRANSIT_TO_A,IN_TRANSIT_TO_A
7530,6,TRUCK_RETURN_ARRIVED,2,4,IDLE_AT_A,EMPTY_AT_A,POINT_A,POINT_A
7530,6,TANK_FILL_STARTED,,4,,FILLING,,POINT_A
7650,6,TANK_FILL_COMPLETED,,4,,READY_AT_A,,POINT_A
7680,6,DISPATCH_READY,,,,,,
7680,6,TRUCK_DEPARTED,5,2,DRIVING_TO_C,IN_TRANSIT_TO_C,IN_TRANSIT_TO_C,IN_TRANSIT_TO_C
7680,6,TRUCK_DEPARTED,1,3,DRIVING_TO_C,IN_TRANSIT_TO_C,IN_TRANSIT_TO_C,IN_TRANSIT_TO_C
7680,6,TRUCK_DEPARTED,2,4,DRIVING_TO_C,IN_TRANSIT_TO_C,IN_TRANSIT_TO_C,IN_TRANSIT_TO_C
7785,6,SUPPLY_STARTED,,1,,SUPPLYING,,POINT_C
7785,6,TRUCK_ARRIVED,5,2,IDLE_AT_C,WAITING_AT_C,POINT_C,POINT_C
7785,6,TRUCK_ARRIVED,1,3,IDLE_AT_C,WAITING_AT_C,POINT_C,POINT_C
7785,6,TRUCK_ARRIVED,2,4,IDLE_AT_C,WAITING_AT_C,POINT_C,POINT_C
7845,6,TANK_EMPTY,,5,,EMPTY_AT_C,,POINT_C
7845,6,TRUCK_RETURN_DEPARTED,3,5,DRIVING_TO_A,IN_TRANSIT_TO_A,IN_TRANSIT_TO_A,IN_TRANSIT_TO_A
7950,6,TRUCK_RETURN_ARRIVED,3,5,IDLE_AT_A,EMPTY_AT_A,POINT_A,POINT_A
7950,6,TANK_FILL_STARTED,,5,,FILLING,,POINT_A
8070,6,TANK_FILL_COMPLETED,,5,,READY_AT_A,,POINT_A
8205,6,SUPPLY_STARTED,,6,,SUPPLYING,,POINT_C
8265,6,TANK_EMPTY,,1,,EMPTY_AT_C,,POINT_C
8625,7,SUPPLY_STARTED,,2,,SUPPLYING,,POINT_C
8640,7,WORKDAY_STARTED,,,,,,
8640,7,TRUCK_RETURN_DEPARTED,4,1,DRIVING_TO_A,IN_TRANSIT_TO_A,IN_TRANSIT_TO_A,IN_TRANSIT_TO_A
8685,7,TANK_EMPTY,,6,,EMPTY_AT_C,,POINT_C
8685,7,TRUCK_RETURN_DEPARTED,5,6,DRIVING_TO_A,IN_TRANSIT_TO_A,IN_TRANSIT_TO_A,IN_TRANSIT_TO_A
8745,7,TRUCK_RETURN_ARRIVED,4,1,IDLE_AT_A,EMPTY_AT_A,POINT_A,POINT_A
8745,7,TANK_FILL_STARTED,,1,,FILLING,,POINT_A
8790,7,TRUCK_RETURN_ARRIVED,5,6,IDLE_AT_A,EMPTY_AT_A,POINT_A,POINT_A
8790,7,TANK_FILL_STARTED,,6,,FILLING,,POINT_A
8865,7,TANK_FILL_COMPLETED,,1,,READY_AT_A,,POINT_A
8910,7,TANK_FILL_COMPLETED,,6,,READY_AT_A,,POINT_A
8940,7,DISPATCH_READY,,,,,,
8940,7,TRUCK_DEPARTED,3,5,DRIVING_TO_C,IN_TRANSIT_TO_C,IN_TRANSIT_TO_C,IN_TRANSIT_TO_C
8940,7,TRUCK_DEPARTED,4,1,DRIVING_TO_C,IN_TRANSIT_TO_C,IN_TRANSIT_TO_C,IN_TRANSIT_TO_C
8940,7,TRUCK_DEPARTED,5,6,DRIVING_TO_C,IN_TRANSIT_TO_C,IN_TRANSIT_TO_C,IN_TRANSIT_TO_C
9045,7,SUPPLY_STARTED,,3,,SUPPLYING,,POINT_C
9045,7,TRUCK_ARRIVED,3,5,IDLE_AT_C,WAITING_AT_C,POINT_C,POINT_C
9045,7,TRUCK_ARRIVED,4,1,IDLE_AT_C,WAITING_AT_C,POINT_C,POINT_C
9045,7,TRUCK_ARRIVED,5,6,IDLE_AT_C,WAITING_AT_C,POINT_C,POINT_C
9105,7,TANK_EMPTY,,2,,EMPTY_AT_C,,POINT_C
9105,7,TRUCK_RETURN_DEPARTED,1,2,DRIVING_TO_A,IN_TRANSIT_TO_A,IN_TRANSIT_TO_A,IN_TRANSIT_TO_A
9210,7,TRUCK_RETURN_ARRIVED,1,2,IDLE_AT_A,EMPTY_AT_A,POINT_A,POINT_A
9210,7,TANK_FILL_STARTED,,2,,FILLING,,POINT_A
9330,7,TANK_FILL_COMPLETED,,2,,READY_AT_A,,POINT_A
9465,7,SUPPLY_STARTED,,4,,SUPPLYING,,POINT_C
9525,7,TANK_EMPTY,,3,,EMPTY_AT_C,,POINT_C
9885,8,SUPPLY_STARTED,,5,,SUPPLYING,,POINT_C
9945,8,TANK_EMPTY,,4,,EMPTY_AT_C,,POINT_C
10080,8,DISPATCH_READY,,,,,,
10080,8,WORKDAY_STARTED,,,,,,
10080,8,TRUCK_RETURN_DEPARTED,2,3,DRIVING_TO_A,IN_TRANSIT_TO_A,IN_TRANSIT_TO_A,IN_TRANSIT_TO_A
10080,8,TRUCK_RETURN_DEPARTED,3,4,DRIVING_TO_A,IN_TRANSIT_TO_A,IN_TRANSIT_TO_A,IN_TRANSIT_TO_A
10185,8,TRUCK_RETURN_ARRIVED,2,3,IDLE_AT_A,EMPTY_AT_A,POINT_A,POINT_A
10185,8,TRUCK_RETURN_ARRIVED,3,4,IDLE_AT_A,EMPTY_AT_A,POINT_A,POINT_A
10185,8,TANK_FILL_STARTED,,3,,FILLING,,POINT_A
10185,8,TANK_FILL_STARTED,,4,,FILLING,,POINT_A
10200,8,DISPATCH_READY,,,,,,
10200,8,TRUCK_DEPARTED,1,2,DRIVING_TO_C,IN_TRANSIT_TO_C,IN_TRANSIT_TO_C,IN_TRANSIT_TO_C
10305,8,SUPPLY_STARTED,,1,,SUPPLYING,,POINT_C
10305,8,TANK_FILL_COMPLETED,,3,,READY_AT_A,,POINT_A
10305,8,TANK_FILL_COMPLETED,,4,,READY_AT_A,,POINT_A
10305,8,TRUCK_ARRIVED,1,2,IDLE_AT_C,WAITING_AT_C,POINT_C,POINT_C
10365,8,TANK_EMPTY,,5,,EMPTY_AT_C,,POINT_C
10365,8,TRUCK_RETURN_DEPARTED,4,5,DRIVING_TO_A,IN_TRANSIT_TO_A,IN_TRANSIT_TO_A,IN_TRANSIT_TO_A
10470,8,TRUCK_RETURN_ARRIVED,4,5,IDLE_AT_A,EMPTY_AT_A,POINT_A,POINT_A
10470,8,TANK_FILL_STARTED,,5,,FILLING,,POINT_A
10590,8,TANK_FILL_COMPLETED,,5,,READY_AT_A,,POINT_A
10620,8,DISPATCH_READY,,,,,,
10620,8,TRUCK_DEPARTED,2,3,DRIVING_TO_C,IN_TRANSIT_TO_C,IN_TRANSIT_TO_C,IN_TRANSIT_TO_C
10620,8,TRUCK_DEPARTED,3,4,DRIVING_TO_C,IN_TRANSIT_TO_C,IN_TRANSIT_TO_C,IN_TRANSIT_TO_C
10620,8,TRUCK_DEPARTED,4,5,DRIVING_TO_C,IN_TRANSIT_TO_C,IN_TRANSIT_TO_C,IN_TRANSIT_TO_C
10725,8,SUPPLY_STARTED,,6,,SUPPLYING,,POINT_C
10725,8,TRUCK_ARRIVED,2,3,IDLE_AT_C,WAITING_AT_C,POINT_C,POINT_C
10725,8,TRUCK_ARRIVED,3,4,IDLE_AT_C,WAITING_AT_C,POINT_C,POINT_C
10725,8,TRUCK_ARRIVED,4,5,IDLE_AT_C,WAITING_AT_C,POINT_C,POINT_C
10785,8,TANK_EMPTY,,1,,EMPTY_AT_C,,POINT_C
10785,8,TRUCK_RETURN_DEPARTED,5,1,DRIVING_TO_A,IN_TRANSIT_TO_A,IN_TRANSIT_TO_A,IN_TRANSIT_TO_A
10890,8,TRUCK_RETURN_ARRIVED,5,1,IDLE_AT_A,EMPTY_AT_A,POINT_A,POINT_A
10890,8,TANK_FILL_STARTED,,1,,FILLING,,POINT_A
11010,8,TANK_FILL_COMPLETED,,1,,READY_AT_A,,POINT_A
11145,8,SUPPLY_STARTED,,2,,SUPPLYING,,POINT_C
11205,9,TANK_EMPTY,,6,,EMPTY_AT_C,,POINT_C
11520,9,WORKDAY_STARTED,,,,,,
11520,9,TRUCK_DEPARTED,5,1,DRIVING_TO_C,IN_TRANSIT_TO_C,IN_TRANSIT_TO_C,IN_TRANSIT_TO_C
11520,9,TRUCK_RETURN_DEPARTED,1,6,DRIVING_TO_A,IN_TRANSIT_TO_A,IN_TRANSIT_TO_A,IN_TRANSIT_TO_A
11565,9,SUPPLY_STARTED,,3,,SUPPLYING,,POINT_C
11625,9,TANK_EMPTY,,2,,EMPTY_AT_C,,POINT_C
11625,9,TRUCK_ARRIVED,5,1,IDLE_AT_C,WAITING_AT_C,POINT_C,POINT_C
11625,9,TRUCK_RETURN_ARRIVED,1,6,IDLE_AT_A,EMPTY_AT_A,POINT_A,POINT_A
11625,9,TRUCK_RETURN_DEPARTED,2,2,DRIVING_TO_A,IN_TRANSIT_TO_A,IN_TRANSIT_TO_A,IN_TRANSIT_TO_A
11625,9,TANK_FILL_STARTED,,6,,FILLING,,POINT_A
11730,9,TRUCK_RETURN_ARRIVED,2,2,IDLE_AT_A,EMPTY_AT_A,POINT_A,POINT_A
11730,9,TANK_FILL_STARTED,,2,,FILLING,,POINT_A
11745,9,TANK_FILL_COMPLETED,,6,,READY_AT_A,,POINT_A
11850,9,TANK_FILL_COMPLETED,,2,,READY_AT_A,,POINT_A
11880,9,DISPATCH_READY,,,,,,
11880,9,TRUCK_DEPARTED,1,6,DRIVING_TO_C,IN_TRANSIT_TO_C,IN_TRANSIT_TO_C,IN_TRANSIT_TO_C
11880,9,TRUCK_DEPARTED,2,2,DRIVING_TO_C,IN_TRANSIT_TO_C,IN_TRANSIT_TO_C,IN_TRANSIT_TO_C
11985,9,SUPPLY_STARTED,,4,,SUPPLYING,,POINT_C
11985,9,TRUCK_ARRIVED,1,6,IDLE_AT_C,WAITING_AT_C,POINT_C,POINT_C
11985,9,TRUCK_ARRIVED,2,2,IDLE_AT_C,WAITING_AT_C,POINT_C,POINT_C
12045,9,TANK_EMPTY,,3,,EMPTY_AT_C,,POINT_C
12045,9,TRUCK_RETURN_DEPARTED,3,3,DRIVING_TO_A,IN_TRANSIT_TO_A,IN_TRANSIT_TO_A,IN_TRANSIT_TO_A
12150,9,TRUCK_RETURN_ARRIVED,3,3,IDLE_AT_A,EMPTY_AT_A,POINT_A,POINT_A
12150,9,TANK_FILL_STARTED,,3,,FILLING,,POINT_A
12270,9,TANK_FILL_COMPLETED,,3,,READY_AT_A,,POINT_A
12405,9,SUPPLY_STARTED,,5,,SUPPLYING,,POINT_C
12465,9,TANK_EMPTY,,4,,EMPTY_AT_C,,POINT_C
12825,10,SUPPLY_STARTED,,1,,SUPPLYING,,POINT_C
12885,10,TANK_EMPTY,,5,,EMPTY_AT_C,,POINT_C
12960,10,WORKDAY_STARTED,,,,,,
12960,10,TRUCK_RETURN_DEPARTED,4,4,DRIVING_TO_A,IN_TRANSIT_TO_A,IN_TRANSIT_TO_A,IN_TRANSIT_TO_A
12960,10,TRUCK_RETURN_DEPARTED,5,5,DRIVING_TO_A,IN_TRANSIT_TO_A,IN_TRANSIT_TO_A,IN_TRANSIT_TO_A
13065,10,TRUCK_RETURN_ARRIVED,4,4,IDLE_AT_A,EMPTY_AT_A,POINT_A,POINT_A
13065,10,TRUCK_RETURN_ARRIVED,5,5,IDLE_AT_A,EMPTY_AT_A,POINT_A,POINT_A
13065,10,TANK_FILL_STARTED,,4,,FILLING,,POINT_A
13065,10,TANK_FILL_STARTED,,5,,FILLING,,POINT_A
13140,10,DISPATCH_READY,,,,,,
13140,10,TRUCK_DEPARTED,3,3,DRIVING_TO_C,IN_TRANSIT_TO_C,IN_TRANSIT_TO_C,IN_TRANSIT_TO_C
13185,10,TANK_FILL_COMPLETED,,4,,READY_AT_A,,POINT_A
13185,10,TANK_FILL_COMPLETED,,5,,READY_AT_A,,POINT_A
13185,10,TRUCK_DEPARTED,4,4,DRIVING_TO_C,IN_TRANSIT_TO_C,IN_TRANSIT_TO_C,IN_TRANSIT_TO_C
13185,10,TRUCK_DEPARTED,5,5,DRIVING_TO_C,IN_TRANSIT_TO_C,IN_TRANSIT_TO_C,IN_TRANSIT_TO_C
13245,10,SUPPLY_STARTED,,6,,SUPPLYING,,POINT_C
13245,10,TRUCK_ARRIVED,3,3,IDLE_AT_C,WAITING_AT_C,POINT_C,POINT_C
13290,10,TRUCK_ARRIVED,4,4,IDLE_AT_C,WAITING_AT_C,POINT_C,POINT_C
13290,10,TRUCK_ARRIVED,5,5,IDLE_AT_C,WAITING_AT_C,POINT_C,POINT_C
13305,10,TANK_EMPTY,,1,,EMPTY_AT_C,,POINT_C
13305,10,TRUCK_RETURN_DEPARTED,1,1,DRIVING_TO_A,IN_TRANSIT_TO_A,IN_TRANSIT_TO_A,IN_TRANSIT_TO_A
13410,10,TRUCK_RETURN_ARRIVED,1,1,IDLE_AT_A,EMPTY_AT_A,POINT_A,POINT_A
13410,10,TANK_FILL_STARTED,,1,,FILLING,,POINT_A
13530,10,TANK_FILL_COMPLETED,,1,,READY_AT_A,,POINT_A
13560,10,DISPATCH_READY,,,,,,
13560,10,TRUCK_DEPARTED,1,1,DRIVING_TO_C,IN_TRANSIT_TO_C,IN_TRANSIT_TO_C,IN_TRANSIT_TO_C
13665,10,SUPPLY_STARTED,,2,,SUPPLYING,,POINT_C
13665,10,TRUCK_ARRIVED,1,1,IDLE_AT_C,WAITING_AT_C,POINT_C,POINT_C
13725,10,TANK_EMPTY,,6,,EMPTY_AT_C,,POINT_C
14085,11,SUPPLY_STARTED,,3,,SUPPLYING,,POINT_C
14145,11,TANK_EMPTY,,2,,EMPTY_AT_C,,POINT_C
14400,11,WORKDAY_STARTED,,,,,,
14400,11,TRUCK_RETURN_DEPARTED,2,6,DRIVING_TO_A,IN_TRANSIT_TO_A,IN_TRANSIT_TO_A,IN_TRANSIT_TO_A
14400,11,TRUCK_RETURN_DEPARTED,3,2,DRIVING_TO_A,IN_TRANSIT_TO_A,IN_TRANSIT_TO_A,IN_TRANSIT_TO_A
14505,11,SUPPLY_STARTED,,4,,SUPPLYING,,POINT_C
14505,11,TRUCK_RETURN_ARRIVED,2,6,IDLE_AT_A,EMPTY_AT_A,POINT_A,POINT_A
14505,11,TRUCK_RETURN_ARRIVED,3,2,IDLE_AT_A,EMPTY_AT_A,POINT_A,POINT_A
14505,11,TANK_FILL_STARTED,,6,,FILLING,,POINT_A
14505,11,TANK_FILL_STARTED,,2,,FILLING,,POINT_A
14565,11,TANK_EMPTY,,3,,EMPTY_AT_C,,POINT_C
14565,11,TRUCK_RETURN_DEPARTED,4,3,DRIVING_TO_A,IN_TRANSIT_TO_A,IN_TRANSIT_TO_A,IN_TRANSIT_TO_A
14625,11,TANK_FILL_COMPLETED,,6,,READY_AT_A,,POINT_A
14625,11,TANK_FILL_COMPLETED,,2,,READY_AT_A,,POINT_A
14670,11,TRUCK_RETURN_ARRIVED,4,3,IDLE_AT_A,EMPTY_AT_A,POINT_A,POINT_A
14670,11,TANK_FILL_STARTED,,3,,FILLING,,POINT_A
14790,11,TANK_FILL_COMPLETED,,3,,READY_AT_A,,POINT_A
14820,11,DISPATCH_READY,,,,,,
14820,11,TRUCK_DEPARTED,2,6,DRIVING_TO_C,IN_TRANSIT_TO_C,IN_TRANSIT_TO_C,IN_TRANSIT_TO_C
14820,11,TRUCK_DEPARTED,3,2,DRIVING_TO_C,IN_TRANSIT_TO_C,IN_TRANSIT_TO_C,IN_TRANSIT_TO_C
14820,11,TRUCK_DEPARTED,4,3,DRIVING_TO_C,IN_TRANSIT_TO_C,IN_TRANSIT_TO_C,IN_TRANSIT_TO_C
14925,11,SUPPLY_STARTED,,5,,SUPPLYING,,POINT_C
14925,11,TRUCK_ARRIVED,2,6,IDLE_AT_C,WAITING_AT_C,POINT_C,POINT_C
14925,11,TRUCK_ARRIVED,3,2,IDLE_AT_C,WAITING_AT_C,POINT_C,POINT_C
14925,11,TRUCK_ARRIVED,4,3,IDLE_AT_C,WAITING_AT_C,POINT_C,POINT_C
14985,11,TANK_EMPTY,,4,,EMPTY_AT_C,,POINT_C
14985,11,TRUCK_RETURN_DEPARTED,5,4,DRIVING_TO_A,IN_TRANSIT_TO_A,IN_TRANSIT_TO_A,IN_TRANSIT_TO_A
15090,11,TRUCK_RETURN_ARRIVED,5,4,IDLE_AT_A,EMPTY_AT_A,POINT_A,POINT_A
15090,11,TANK_FILL_STARTED,,4,,FILLING,,POINT_A
15210,11,TANK_FILL_COMPLETED,,4,,READY_AT_A,,POINT_A
15345,11,SUPPLY_STARTED,,1,,SUPPLYING,,POINT_C
15405,11,TANK_EMPTY,,5,,EMPTY_AT_C,,POINT_C
15765,12,SUPPLY_STARTED,,6,,SUPPLYING,,POINT_C
15825,12,TANK_EMPTY,,1,,EMPTY_AT_C,,POINT_C
15840,12,WORKDAY_STARTED,,,,,,
15840,12,TRUCK_RETURN_DEPARTED,1,5,DRIVING_TO_A,IN_TRANSIT_TO_A,IN_TRANSIT_TO_A,IN_TRANSIT_TO_A
15840,12,TRUCK_RETURN_DEPARTED,2,1,DRIVING_TO_A,IN_TRANSIT_TO_A,IN_TRANSIT_TO_A,IN_TRANSIT_TO_A
15945,12,TRUCK_RETURN_ARRIVED,1,5,IDLE_AT_A,EMPTY_AT_A,POINT_A,POINT_A
15945,12,TRUCK_RETURN_ARRIVED,2,1,IDLE_AT_A,EMPTY_AT_A,POINT_A,POINT_A
15945,12,TANK_FILL_STARTED,,5,,FILLING,,POINT_A
15945,12,TANK_FILL_STARTED,,1,,FILLING,,POINT_A
16065,12,TANK_FILL_COMPLETED,,5,,READY_AT_A,,POINT_A
16065,12,TANK_FILL_COMPLETED,,1,,READY_AT_A,,POINT_A
16080,12,DISPATCH_READY,,,,,,
16080,12,TRUCK_DEPARTED,5,4,DRIVING_TO_C,IN_TRANSIT_TO_C,IN_TRANSIT_TO_C,IN_TRANSIT_TO_C
16080,12,TRUCK_DEPARTED,1,5,DRIVING_TO_C,IN_TRANSIT_TO_C,IN_TRANSIT_TO_C,IN_TRANSIT_TO_C
16080,12,TRUCK_DEPARTED,2,1,DRIVING_TO_C,IN_TRANSIT_TO_C,IN_TRANSIT_TO_C,IN_TRANSIT_TO_C
16185,12,SUPPLY_STARTED,,2,,SUPPLYING,,POINT_C
16185,12,TRUCK_ARRIVED,5,4,IDLE_AT_C,WAITING_AT_C,POINT_C,POINT_C
16185,12,TRUCK_ARRIVED,1,5,IDLE_AT_C,WAITING_AT_C,POINT_C,POINT_C
16185,12,TRUCK_ARRIVED,2,1,IDLE_AT_C,WAITING_AT_C,POINT_C,POINT_C
16245,12,TANK_EMPTY,,6,,EMPTY_AT_C,,POINT_C
16245,12,TRUCK_RETURN_DEPARTED,3,6,DRIVING_TO_A,IN_TRANSIT_TO_A,IN_TRANSIT_TO_A,IN_TRANSIT_TO_A
16350,12,TRUCK_RETURN_ARRIVED,3,6,IDLE_AT_A,EMPTY_AT_A,POINT_A,POINT_A
16350,12,TANK_FILL_STARTED,,6,,FILLING,,POINT_A
16470,12,TANK_FILL_COMPLETED,,6,,READY_AT_A,,POINT_A
16500,12,DISPATCH_READY,,,,,,
16500,12,TRUCK_DEPARTED,3,6,DRIVING_TO_C,IN_TRANSIT_TO_C,IN_TRANSIT_TO_C,IN_TRANSIT_TO_C
16605,12,SUPPLY_STARTED,,3,,SUPPLYING,,POINT_C
16605,12,TRUCK_ARRIVED,3,6,IDLE_AT_C,WAITING_AT_C,POINT_C,POINT_C
16665,12,TANK_EMPTY,,2,,EMPTY_AT_C,,POINT_C
17025,13,SUPPLY_STARTED,,4,,SUPPLYING,,POINT_C
17085,13,TANK_EMPTY,,3,,EMPTY_AT_C,,POINT_C
17280,13,WORKDAY_STARTED,,,,,,
17280,13,TRUCK_RETURN_DEPARTED,4,2,DRIVING_TO_A,IN_TRANSIT_TO_A,IN_TRANSIT_TO_A,IN_TRANSIT_TO_A
17280,13,TRUCK_RETURN_DEPARTED,5,3,DRIVING_TO_A,IN_TRANSIT_TO_A,IN_TRANSIT_TO_A,IN_TRANSIT_TO_A
17385,13,TRUCK_RETURN_ARRIVED,4,2,IDLE_AT_A,EMPTY_AT_A,POINT_A,POINT_A
17385,13,TRUCK_RETURN_ARRIVED,5,3,IDLE_AT_A,EMPTY_AT_A,POINT_A,POINT_A
17385,13,TANK_FILL_STARTED,,2,,FILLING,,POINT_A
17385,13,TANK_FILL_STARTED,,3,,FILLING,,POINT_A
17445,13,SUPPLY_STARTED,,5,,SUPPLYING,,POINT_C
17505,13,TANK_EMPTY,,4,,EMPTY_AT_C,,POINT_C
17505,13,TANK_FILL_COMPLETED,,2,,READY_AT_A,,POINT_A
17505,13,TANK_FILL_COMPLETED,,3,,READY_AT_A,,POINT_A
17505,13,TRUCK_RETURN_DEPARTED,1,4,DRIVING_TO_A,IN_TRANSIT_TO_A,IN_TRANSIT_TO_A,IN_TRANSIT_TO_A
17610,13,TRUCK_RETURN_ARRIVED,1,4,IDLE_AT_A,EMPTY_AT_A,POINT_A,POINT_A
17610,13,TANK_FILL_STARTED,,4,,FILLING,,POINT_A
17730,13,TANK_FILL_COMPLETED,,4,,READY_AT_A,,POINT_A
17760,13,DISPATCH_READY,,,,,,
17760,13,TRUCK_DEPARTED,4,2,DRIVING_TO_C,IN_TRANSIT_TO_C,IN_TRANSIT_TO_C,IN_TRANSIT_TO_C
17760,13,TRUCK_DEPARTED,5,3,DRIVING_TO_C,IN_TRANSIT_TO_C,IN_TRANSIT_TO_C,IN_TRANSIT_TO_C
17760,13,TRUCK_DEPARTED,1,4,DRIVING_TO_C,IN_TRANSIT_TO_C,IN_TRANSIT_TO_C,IN_TRANSIT_TO_C
17865,13,SUPPLY_STARTED,,1,,SUPPLYING,,POINT_C
17865,13,TRUCK_ARRIVED,4,2,IDLE_AT_C,WAITING_AT_C,POINT_C,POINT_C
17865,13,TRUCK_ARRIVED,5,3,IDLE_AT_C,WAITING_AT_C,POINT_C,POINT_C
17865,13,TRUCK_ARRIVED,1,4,IDLE_AT_C,WAITING_AT_C,POINT_C,POINT_C
17925,13,TANK_EMPTY,,5,,EMPTY_AT_C,,POINT_C
17925,13,TRUCK_RETURN_DEPARTED,2,5,DRIVING_TO_A,IN_TRANSIT_TO_A,IN_TRANSIT_TO_A,IN_TRANSIT_TO_A
18030,13,TRUCK_RETURN_ARRIVED,2,5,IDLE_AT_A,EMPTY_AT_A,POINT_A,POINT_A
18030,13,TANK_FILL_STARTED,,5,,FILLING,,POINT_A
18150,13,TANK_FILL_COMPLETED,,5,,READY_AT_A,,POINT_A
18285,13,SUPPLY_STARTED,,6,,SUPPLYING,,POINT_C
18345,13,TANK_EMPTY,,1,,EMPTY_AT_C,,POINT_C
18705,14,SUPPLY_STARTED,,2,,SUPPLYING,,POINT_C
18720,14,WORKDAY_STARTED,,,,,,
18720,14,TRUCK_RETURN_DEPARTED,3,1,DRIVING_TO_A,IN_TRANSIT_TO_A,IN_TRANSIT_TO_A,IN_TRANSIT_TO_A
18765,14,TANK_EMPTY,,6,,EMPTY_AT_C,,POINT_C
18765,14,TRUCK_RETURN_DEPARTED,4,6,DRIVING_TO_A,IN_TRANSIT_TO_A,IN_TRANSIT_TO_A,IN_TRANSIT_TO_A
18825,14,TRUCK_RETURN_ARRIVED,3,1,IDLE_AT_A,EMPTY_AT_A,POINT_A,POINT_A
18825,14,TANK_FILL_STARTED,,1,,FILLING,,POINT_A
18870,14,TRUCK_RETURN_ARRIVED,4,6,IDLE_AT_A,EMPTY_AT_A,POINT_A,POINT_A
18870,14,TANK_FILL_STARTED,,6,,FILLING,,POINT_A
18945,14,TANK_FILL_COMPLETED,,1,,READY_AT_A,,POINT_A
18990,14,TANK_FILL_COMPLETED,,6,,READY_AT_A,,POINT_A
19020,14,DISPATCH_READY,,,,,,
19020,14,TRUCK_DEPARTED,2,5,DRIVING_TO_C,IN_TRANSIT_TO_C,IN_TRANSIT_TO_C,IN_TRANSIT_TO_C
19020,14,TRUCK_DEPARTED,3,1,DRIVING_TO_C,IN_TRANSIT_TO_C,IN_TRANSIT_TO_C,IN_TRANSIT_TO_C
19020,14,TRUCK_DEPARTED,4,6,DRIVING_TO_C,IN_TRANSIT_TO_C,IN_TRANSIT_TO_C,IN_TRANSIT_TO_C
19125,14,SUPPLY_STARTED,,3,,SUPPLYING,,POINT_C
19125,14,TRUCK_ARRIVED,2,5,IDLE_AT_C,WAITING_AT_C,POINT_C,POINT_C
19125,14,TRUCK_ARRIVED,3,1,IDLE_AT_C,WAITING_AT_C,POINT_C,POINT_C
19125,14,TRUCK_ARRIVED,4,6,IDLE_AT_C,WAITING_AT_C,POINT_C,POINT_C
19185,14,TANK_EMPTY,,2,,EMPTY_AT_C,,POINT_C
19185,14,TRUCK_RETURN_DEPARTED,5,2,DRIVING_TO_A,IN_TRANSIT_TO_A,IN_TRANSIT_TO_A,IN_TRANSIT_TO_A
19290,14,TRUCK_RETURN_ARRIVED,5,2,IDLE_AT_A,EMPTY_AT_A,POINT_A,POINT_A
19290,14,TANK_FILL_STARTED,,2,,FILLING,,POINT_A
19410,14,TANK_FILL_COMPLETED,,2,,READY_AT_A,,POINT_A
19545,14,SUPPLY_STARTED,,4,,SUPPLYING,,POINT_C
19605,14,TANK_EMPTY,,3,,EMPTY_AT_C,,POINT_C
19965,15,SUPPLY_STARTED,,5,,SUPPLYING,,POINT_C
20025,15,TANK_EMPTY,,4,,EMPTY_AT_C,,POINT_C
20160,15,DISPATCH_READY,,,,,,
20160,15,WORKDAY_STARTED,,,,,,
20160,15,TRUCK_RETURN_DEPARTED,1,3,DRIVING_TO_A,IN_TRANSIT_TO_A,IN_TRANSIT_TO_A,IN_TRANSIT_TO_A
20160,15,TRUCK_RETURN_DEPARTED,2,4,DRIVING_TO_A,IN_TRANSIT_TO_A,IN_TRANSIT_TO_A,IN_TRANSIT_TO_A
20265,15,TRUCK_RETURN_ARRIVED,1,3,IDLE_AT_A,EMPTY_AT_A,POINT_A,POINT_A
20265,15,TRUCK_RETURN_ARRIVED,2,4,IDLE_AT_A,EMPTY_AT_A,POINT_A,POINT_A
20265,15,TANK_FILL_STARTED,,3,,FILLING,,POINT_A
20265,15,TANK_FILL_STARTED,,4,,FILLING,,POINT_A
20280,15,DISPATCH_READY,,,,,,
20280,15,TRUCK_DEPARTED,5,2,DRIVING_TO_C,IN_TRANSIT_TO_C,IN_TRANSIT_TO_C,IN_TRANSIT_TO_C
20385,15,SUPPLY_STARTED,,1,,SUPPLYING,,POINT_C
20385,15,TANK_FILL_COMPLETED,,3,,READY_AT_A,,POINT_A
20385,15,TANK_FILL_COMPLETED,,4,,READY_AT_A,,POINT_A
20385,15,TRUCK_ARRIVED,5,2,IDLE_AT_C,WAITING_AT_C,POINT_C,POINT_C
20445,15,TANK_EMPTY,,5,,EMPTY_AT_C,,POINT_C
20445,15,TRUCK_RETURN_DEPARTED,3,5,DRIVING_TO_A,IN_TRANSIT_TO_A,IN_TRANSIT_TO_A,IN_TRANSIT_TO_A
20550,15,TRUCK_RETURN_ARRIVED,3,5,IDLE_AT_A,EMPTY_AT_A,POINT_A,POINT_A
20550,15,TANK_FILL_STARTED,,5,,FILLING,,POINT_A
20670,15,TANK_FILL_COMPLETED,,5,,READY_AT_A,,POINT_A
20700,15,DISPATCH_READY,,,,,,
20700,15,TRUCK_DEPARTED,1,3,DRIVING_TO_C,IN_TRANSIT_TO_C,IN_TRANSIT_TO_C,IN_TRANSIT_TO_C
20700,15,TRUCK_DEPARTED,2,4,DRIVING_TO_C,IN_TRANSIT_TO_C,IN_TRANSIT_TO_C,IN_TRANSIT_TO_C
20700,15,TRUCK_DEPARTED,3,5,DRIVING_TO_C,IN_TRANSIT_TO_C,IN_TRANSIT_TO_C,IN_TRANSIT_TO_C
20805,15,SUPPLY_STARTED,,6,,SUPPLYING,,POINT_C
20805,15,TRUCK_ARRIVED,1,3,IDLE_AT_C,WAITING_AT_C,POINT_C,POINT_C
20805,15,TRUCK_ARRIVED,2,4,IDLE_AT_C,WAITING_AT_C,POINT_C,POINT_C
20805,15,TRUCK_ARRIVED,3,5,IDLE_AT_C,WAITING_AT_C,POINT_C,POINT_C
20865,15,TANK_EMPTY,,1,,EMPTY_AT_C,,POINT_C
20865,15,TRUCK_RETURN_DEPARTED,4,1,DRIVING_TO_A,IN_TRANSIT_TO_A,IN_TRANSIT_TO_A,IN_TRANSIT_TO_A
20970,15,TRUCK_RETURN_ARRIVED,4,1,IDLE_AT_A,EMPTY_AT_A,POINT_A,POINT_A
20970,15,TANK_FILL_STARTED,,1,,FILLING,,POINT_A
21090,15,TANK_FILL_COMPLETED,,1,,READY_AT_A,,POINT_A
21225,15,SUPPLY_STARTED,,2,,SUPPLYING,,POINT_C
21285,16,TANK_EMPTY,,6,,EMPTY_AT_C,,POINT_C
21600,16,WORKDAY_STARTED,,,,,,
21600,16,TRUCK_DEPARTED,4,1,DRIVING_TO_C,IN_TRANSIT_TO_C,IN_TRANSIT_TO_C,IN_TRANSIT_TO_C
21600,16,TRUCK_RETURN_DEPARTED,5,6,DRIVING_TO_A,IN_TRANSIT_TO_A,IN_TRANSIT_TO_A,IN_TRANSIT_TO_A
21645,16,SUPPLY_STARTED,,3,,SUPPLYING,,POINT_C
21705,16,TANK_EMPTY,,2,,EMPTY_AT_C,,POINT_C
21705,16,TRUCK_ARRIVED,4,1,IDLE_AT_C,WAITING_AT_C,POINT_C,POINT_C
21705,16,TRUCK_RETURN_ARRIVED,5,6,IDLE_AT_A,EMPTY_AT_A,POINT_A,POINT_A
21705,16,TRUCK_RETURN_DEPARTED,1,2,DRIVING_TO_A,IN_TRANSIT_TO_A,IN_TRANSIT_TO_A,IN_TRANSIT_TO_A
21705,16,TANK_FILL_STARTED,,6,,FILLING,,POINT_A
21810,16,TRUCK_RETURN_ARRIVED,1,2,IDLE_AT_A,EMPTY_AT_A,POINT_A,POINT_A
21810,16,TANK_FILL_STARTED,,2,,FILLING,,POINT_A
21825,16,TANK_FILL_COMPLETED,,6,,READY_AT_A,,POINT_A
21930,16,TANK_FILL_COMPLETED,,2,,READY_AT_A,,POINT_A
21960,16,DISPATCH_READY,,,,,,
21960,16,TRUCK_DEPARTED,5,6,DRIVING_TO_C,IN_TRANSIT_TO_C,IN_TRANSIT_TO_C,IN_TRANSIT_TO_C
21960,16,TRUCK_DEPARTED,1,2,DRIVING_TO_C,IN_TRANSIT_TO_C,IN_TRANSIT_TO_C,IN_TRANSIT_TO_C
22065,16,SUPPLY_STARTED,,4,,SUPPLYING,,POINT_C
22065,16,TRUCK_ARRIVED,5,6,IDLE_AT_C,WAITING_AT_C,POINT_C,POINT_C
22065,16,TRUCK_ARRIVED,1,2,IDLE_AT_C,WAITING_AT_C,POINT_C,POINT_C
22125,16,TANK_EMPTY,,3,,EMPTY_AT_C,,POINT_C
22125,16,TRUCK_RETURN_DEPARTED,2,3,DRIVING_TO_A,IN_TRANSIT_TO_A,IN_TRANSIT_TO_A,IN_TRANSIT_TO_A
22230,16,TRUCK_RETURN_ARRIVED,2,3,IDLE_AT_A,EMPTY_AT_A,POINT_A,POINT_A
22230,16,TANK_FILL_STARTED,,3,,FILLING,,POINT_A
22350,16,TANK_FILL_COMPLETED,,3,,READY_AT_A,,POINT_A
22485,16,SUPPLY_STARTED,,5,,SUPPLYING,,POINT_C
22545,16,TANK_EMPTY,,4,,EMPTY_AT_C,,POINT_C
22905,17,SUPPLY_STARTED,,1,,SUPPLYING,,POINT_C
22965,17,TANK_EMPTY,,5,,EMPTY_AT_C,,POINT_C
23040,17,WORKDAY_STARTED,,,,,,
23040,17,TRUCK_RETURN_DEPARTED,3,4,DRIVING_TO_A,IN_TRANSIT_TO_A,IN_TRANSIT_TO_A,IN_TRANSIT_TO_A
23040,17,TRUCK_RETURN_DEPARTED,4,5,DRIVING_TO_A,IN_TRANSIT_TO_A,IN_TRANSIT_TO_A,IN_TRANSIT_TO_A
23145,17,TRUCK_RETURN_ARRIVED,3,4,IDLE_AT_A,EMPTY_AT_A,POINT_A,POINT_A
23145,17,TRUCK_RETURN_ARRIVED,4,5,IDLE_AT_A,EMPTY_AT_A,POINT_A,POINT_A
23145,17,TANK_FILL_STARTED,,4,,FILLING,,POINT_A
23145,17,TANK_FILL_STARTED,,5,,FILLING,,POINT_A
23220,17,DISPATCH_READY,,,,,,
23220,17,TRUCK_DEPARTED,2,3,DRIVING_TO_C,IN_TRANSIT_TO_C,IN_TRANSIT_TO_C,IN_TRANSIT_TO_C
23265,17,TANK_FILL_COMPLETED,,4,,READY_AT_A,,POINT_A
23265,17,TANK_FILL_COMPLETED,,5,,READY_AT_A,,POINT_A
23265,17,TRUCK_DEPARTED,3,4,DRIVING_TO_C,IN_TRANSIT_TO_C,IN_TRANSIT_TO_C,IN_TRANSIT_TO_C
23265,17,TRUCK_DEPARTED,4,5,DRIVING_TO_C,IN_TRANSIT_TO_C,IN_TRANSIT_TO_C,IN_TRANSIT_TO_C
23325,17,SUPPLY_STARTED,,6,,SUPPLYING,,POINT_C
23325,17,TRUCK_ARRIVED,2,3,IDLE_AT_C,WAITING_AT_C,POINT_C,POINT_C
23370,17,TRUCK_ARRIVED,3,4,IDLE_AT_C,WAITING_AT_C,POINT_C,POINT_C
23370,17,TRUCK_ARRIVED,4,5,IDLE_AT_C,WAITING_AT_C,POINT_C,POINT_C
23385,17,TANK_EMPTY,,1,,EMPTY_AT_C,,POINT_C
23385,17,TRUCK_RETURN_DEPARTED,5,1,DRIVING_TO_A,IN_TRANSIT_TO_A,IN_TRANSIT_TO_A,IN_TRANSIT_TO_A
23490,17,TRUCK_RETURN_ARRIVED,5,1,IDLE_AT_A,EMPTY_AT_A,POINT_A,POINT_A
23490,17,TANK_FILL_STARTED,,1,,FILLING,,POINT_A
23610,17,TANK_FILL_COMPLETED,,1,,READY_AT_A,,POINT_A
23640,17,DISPATCH_READY,,,,,,
23640,17,TRUCK_DEPARTED,5,1,DRIVING_TO_C,IN_TRANSIT_TO_C,IN_TRANSIT_TO_C,IN_TRANSIT_TO_C
23745,17,SUPPLY_STARTED,,2,,SUPPLYING,,POINT_C
23745,17,TRUCK_ARRIVED,5,1,IDLE_AT_C,WAITING_AT_C,POINT_C,POINT_C
23805,17,TANK_EMPTY,,6,,EMPTY_AT_C,,POINT_C
24165,18,SUPPLY_STARTED,,3,,SUPPLYING,,POINT_C
24225,18,TANK_EMPTY,,2,,EMPTY_AT_C,,POINT_C
24480,18,WORKDAY_STARTED,,,,,,
24480,18,TRUCK_RETURN_DEPARTED,1,6,DRIVING_TO_A,IN_TRANSIT_TO_A,IN_TRANSIT_TO_A,IN_TRANSIT_TO_A
24480,18,TRUCK_RETURN_DEPARTED,2,2,DRIVING_TO_A,IN_TRANSIT_TO_A,IN_TRANSIT_TO_A,IN_TRANSIT_TO_A
24585,18,SUPPLY_STARTED,,4,,SUPPLYING,,POINT_C
24585,18,TRUCK_RETURN_ARRIVED,1,6,IDLE_AT_A,EMPTY_AT_A,POINT_A,POINT_A
24585,18,TRUCK_RETURN_ARRIVED,2,2,IDLE_AT_A,EMPTY_AT_A,POINT_A,POINT_A
24585,18,TANK_FILL_STARTED,,6,,FILLING,,POINT_A
24585,18,TANK_FILL_STARTED,,2,,FILLING,,POINT_A
24645,18,TANK_EMPTY,,3,,EMPTY_AT_C,,POINT_C
24645,18,TRUCK_RETURN_DEPARTED,3,3,DRIVING_TO_A,IN_TRANSIT_TO_A,IN_TRANSIT_TO_A,IN_TRANSIT_TO_A
24705,18,TANK_FILL_COMPLETED,,6,,READY_AT_A,,POINT_A
24705,18,TANK_FILL_COMPLETED,,2,,READY_AT_A,,POINT_A
24750,18,TRUCK_RETURN_ARRIVED,3,3,IDLE_AT_A,EMPTY_AT_A,POINT_A,POINT_A
24750,18,TANK_FILL_STARTED,,3,,FILLING,,POINT_A
24870,18,TANK_FILL_COMPLETED,,3,,READY_AT_A,,POINT_A
24900,18,DISPATCH_READY,,,,,,
24900,18,TRUCK_DEPARTED,1,6,DRIVING_TO_C,IN_TRANSIT_TO_C,IN_TRANSIT_TO_C,IN_TRANSIT_TO_C
24900,18,TRUCK_DEPARTED,2,2,DRIVING_TO_C,IN_TRANSIT_TO_C,IN_TRANSIT_TO_C,IN_TRANSIT_TO_C
24900,18,TRUCK_DEPARTED,3,3,DRIVING_TO_C,IN_TRANSIT_TO_C,IN_TRANSIT_TO_C,IN_TRANSIT_TO_C
25005,18,SUPPLY_STARTED,,5,,SUPPLYING,,POINT_C
25005,18,TRUCK_ARRIVED,1,6,IDLE_AT_C,WAITING_AT_C,POINT_C,POINT_C
25005,18,TRUCK_ARRIVED,2,2,IDLE_AT_C,WAITING_AT_C,POINT_C,POINT_C
25005,18,TRUCK_ARRIVED,3,3,IDLE_AT_C,WAITING_AT_C,POINT_C,POINT_C
25065,18,TANK_EMPTY,,4,,EMPTY_AT_C,,POINT_C
25065,18,TRUCK_RETURN_DEPARTED,4,4,DRIVING_TO_A,IN_TRANSIT_TO_A,IN_TRANSIT_TO_A,IN_TRANSIT_TO_A
25170,18,TRUCK_RETURN_ARRIVED,4,4,IDLE_AT_A,EMPTY_AT_A,POINT_A,POINT_A
25170,18,TANK_FILL_STARTED,,4,,FILLING,,POINT_A
25290,18,TANK_FILL_COMPLETED,,4,,READY_AT_A,,POINT_A
25425,18,SUPPLY_STARTED,,1,,SUPPLYING,,POINT_C
25485,18,TANK_EMPTY,,5,,EMPTY_AT_C,,POINT_C
25845,19,SUPPLY_STARTED,,6,,SUPPLYING,,POINT_C
25905,19,TANK_EMPTY,,1,,EMPTY_AT_C,,POINT_C
25920,19,WORKDAY_STARTED,,,,,,
25920,19,TRUCK_RETURN_DEPARTED,5,5,DRIVING_TO_A,IN_TRANSIT_TO_A,IN_TRANSIT_TO_A,IN_TRANSIT_TO_A
25920,19,TRUCK_RETURN_DEPARTED,1,1,DRIVING_TO_A,IN_TRANSIT_TO_A,IN_TRANSIT_TO_A,IN_TRANSIT_TO_A
26025,19,TRUCK_RETURN_ARRIVED,5,5,IDLE_AT_A,EMPTY_AT_A,POINT_A,POINT_A
26025,19,TRUCK_RETURN_ARRIVED,1,1,IDLE_AT_A,EMPTY_AT_A,POINT_A,POINT_A
26025,19,TANK_FILL_STARTED,,5,,FILLING,,POINT_A
26025,19,TANK_FILL_STARTED,,1,,FILLING,,POINT_A
26145,19,TANK_FILL_COMPLETED,,5,,READY_AT_A,,POINT_A
26145,19,TANK_FILL_COMPLETED,,1,,READY_AT_A,,POINT_A
26160,19,DISPATCH_READY,,,,,,
26160,19,TRUCK_DEPARTED,4,4,DRIVING_TO_C,IN_TRANSIT_TO_C,IN_TRANSIT_TO_C,IN_TRANSIT_TO_C
26160,19,TRUCK_DEPARTED,5,5,DRIVING_TO_C,IN_TRANSIT_TO_C,IN_TRANSIT_TO_C,IN_TRANSIT_TO_C
26160,19,TRUCK_DEPARTED,1,1,DRIVING_TO_C,IN_TRANSIT_TO_C,IN_TRANSIT_TO_C,IN_TRANSIT_TO_C
26265,19,SUPPLY_STARTED,,2,,SUPPLYING,,POINT_C
26265,19,TRUCK_ARRIVED,4,4,IDLE_AT_C,WAITING_AT_C,POINT_C,POINT_C
26265,19,TRUCK_ARRIVED,5,5,IDLE_AT_C,WAITING_AT_C,POINT_C,POINT_C
26265,19,TRUCK_ARRIVED,1,1,IDLE_AT_C,WAITING_AT_C,POINT_C,POINT_C
26325,19,TANK_EMPTY,,6,,EMPTY_AT_C,,POINT_C
26325,19,TRUCK_RETURN_DEPARTED,2,6,DRIVING_TO_A,IN_TRANSIT_TO_A,IN_TRANSIT_TO_A,IN_TRANSIT_TO_A
26430,19,TRUCK_RETURN_ARRIVED,2,6,IDLE_AT_A,EMPTY_AT_A,POINT_A,POINT_A
26430,19,TANK_FILL_STARTED,,6,,FILLING,,POINT_A
26550,19,TANK_FILL_COMPLETED,,6,,READY_AT_A,,POINT_A
26580,19,DISPATCH_READY,,,,,,
26580,19,TRUCK_DEPARTED,2,6,DRIVING_TO_C,IN_TRANSIT_TO_C,IN_TRANSIT_TO_C,IN_TRANSIT_TO_C
26685,19,SUPPLY_STARTED,,3,,SUPPLYING,,POINT_C
26685,19,TRUCK_ARRIVED,2,6,IDLE_AT_C,WAITING_AT_C,POINT_C,POINT_C
26745,19,TANK_EMPTY,,2,,EMPTY_AT_C,,POINT_C
27105,20,SUPPLY_STARTED,,4,,SUPPLYING,,POINT_C
27165,20,TANK_EMPTY,,3,,EMPTY_AT_C,,POINT_C
27360,20,WORKDAY_STARTED,,,,,,
27360,20,TRUCK_RETURN_DEPARTED,3,2,DRIVING_TO_A,IN_TRANSIT_TO_A,IN_TRANSIT_TO_A,IN_TRANSIT_TO_A
27360,20,TRUCK_RETURN_DEPARTED,4,3,DRIVING_TO_A,IN_TRANSIT_TO_A,IN_TRANSIT_TO_A,IN_TRANSIT_TO_A
27465,20,TRUCK_RETURN_ARRIVED,3,2,IDLE_AT_A,EMPTY_AT_A,POINT_A,POINT_A
27465,20,TRUCK_RETURN_ARRIVED,4,3,IDLE_AT_A,EMPTY_AT_A,POINT_A,POINT_A
27465,20,TANK_FILL_STARTED,,2,,FILLING,,POINT_A
27465,20,TANK_FILL_STARTED,,3,,FILLING,,POINT_A
27525,20,SUPPLY_STARTED,,5,,SUPPLYING,,POINT_C
27585,20,TANK_EMPTY,,4,,EMPTY_AT_C,,POINT_C
27585,20,TANK_FILL_COMPLETED,,2,,READY_AT_A,,POINT_A
27585,20,TANK_FILL_COMPLETED,,3,,READY_AT_A,,POINT_A
27585,20,TRUCK_RETURN_DEPARTED,5,4,DRIVING_TO_A,IN_TRANSIT_TO_A,IN_TRANSIT_TO_A,IN_TRANSIT_TO_A
27690,20,TRUCK_RETURN_ARRIVED,5,4,IDLE_AT_A,EMPTY_AT_A,POINT_A,POINT_A
27690,20,TANK_FILL_STARTED,,4,,FILLING,,POINT_A
27810,20,TANK_FILL_COMPLETED,,4,,READY_AT_A,,POINT_A
27840,20,DISPATCH_READY,,,,,,
27840,20,TRUCK_DEPARTED,3,2,DRIVING_TO_C,IN_TRANSIT_TO_C,IN_TRANSIT_TO_C,IN_TRANSIT_TO_C
27840,20,TRUCK_DEPARTED,4,3,DRIVING_TO_C,IN_TRANSIT_TO_C,IN_TRANSIT_TO_C,IN_TRANSIT_TO_C
27840,20,TRUCK_DEPARTED,5,4,DRIVING_TO_C,IN_TRANSIT_TO_C,IN_TRANSIT_TO_C,IN_TRANSIT_TO_C
27945,20,SUPPLY_STARTED,,1,,SUPPLYING,,POINT_C
27945,20,TRUCK_ARRIVED,3,2,IDLE_AT_C,WAITING_AT_C,POINT_C,POINT_C
27945,20,TRUCK_ARRIVED,4,3,IDLE_AT_C,WAITING_AT_C,POINT_C,POINT_C
27945,20,TRUCK_ARRIVED,5,4,IDLE_AT_C,WAITING_AT_C,POINT_C,POINT_C
28005,20,TANK_EMPTY,,5,,EMPTY_AT_C,,POINT_C
28005,20,TRUCK_RETURN_DEPARTED,1,5,DRIVING_TO_A,IN_TRANSIT_TO_A,IN_TRANSIT_TO_A,IN_TRANSIT_TO_A
28110,20,TRUCK_RETURN_ARRIVED,1,5,IDLE_AT_A,EMPTY_AT_A,POINT_A,POINT_A
28110,20,TANK_FILL_STARTED,,5,,FILLING,,POINT_A
28230,20,TANK_FILL_COMPLETED,,5,,READY_AT_A,,POINT_A
28365,20,SUPPLY_STARTED,,6,,SUPPLYING,,POINT_C
28425,20,TANK_EMPTY,,1,,EMPTY_AT_C,,POINT_C
28785,21,SUPPLY_STARTED,,2,,SUPPLYING,,POINT_C
28800,21,WORKDAY_STARTED,,,,,,
28800,21,TRUCK_RETURN_DEPARTED,2,1,DRIVING_TO_A,IN_TRANSIT_TO_A,IN_TRANSIT_TO_A,IN_TRANSIT_TO_A
28845,21,TANK_EMPTY,,6,,EMPTY_AT_C,,POINT_C
28845,21,TRUCK_RETURN_DEPARTED,3,6,DRIVING_TO_A,IN_TRANSIT_TO_A,IN_TRANSIT_TO_A,IN_TRANSIT_TO_A
28905,21,TRUCK_RETURN_ARRIVED,2,1,IDLE_AT_A,EMPTY_AT_A,POINT_A,POINT_A
28905,21,TANK_FILL_STARTED,,1,,FILLING,,POINT_A
28950,21,TRUCK_RETURN_ARRIVED,3,6,IDLE_AT_A,EMPTY_AT_A,POINT_A,POINT_A
28950,21,TANK_FILL_STARTED,,6,,FILLING,,POINT_A
29025,21,TANK_FILL_COMPLETED,,1,,READY_AT_A,,POINT_A
29070,21,TANK_FILL_COMPLETED,,6,,READY_AT_A,,POINT_A
29100,21,DISPATCH_READY,,,,,,
29100,21,TRUCK_DEPARTED,1,5,DRIVING_TO_C,IN_TRANSIT_TO_C,IN_TRANSIT_TO_C,IN_TRANSIT_TO_C
29100,21,TRUCK_DEPARTED,2,1,DRIVING_TO_C,IN_TRANSIT_TO_C,IN_TRANSIT_TO_C,IN_TRANSIT_TO_C
29100,21,TRUCK_DEPARTED,3,6,DRIVING_TO_C,IN_TRANSIT_TO_C,IN_TRANSIT_TO_C,IN_TRANSIT_TO_C
29205,21,SUPPLY_STARTED,,3,,SUPPLYING,,POINT_C
29205,21,TRUCK_ARRIVED,1,5,IDLE_AT_C,WAITING_AT_C,POINT_C,POINT_C
29205,21,TRUCK_ARRIVED,2,1,IDLE_AT_C,WAITING_AT_C,POINT_C,POINT_C
29205,21,TRUCK_ARRIVED,3,6,IDLE_AT_C,WAITING_AT_C,POINT_C,POINT_C
29265,21,TANK_EMPTY,,2,,EMPTY_AT_C,,POINT_C
29265,21,TRUCK_RETURN_DEPARTED,4,2,DRIVING_TO_A,IN_TRANSIT_TO_A,IN_TRANSIT_TO_A,IN_TRANSIT_TO_A
29370,21,TRUCK_RETURN_ARRIVED,4,2,IDLE_AT_A,EMPTY_AT_A,POINT_A,POINT_A
29370,21,TANK_FILL_STARTED,,2,,FILLING,,POINT_A
29490,21,TANK_FILL_COMPLETED,,2,,READY_AT_A,,POINT_A
29625,21,SUPPLY_STARTED,,4,,SUPPLYING,,POINT_C
29685,21,TANK_EMPTY,,3,,EMPTY_AT_C,,POINT_C
30045,22,SUPPLY_STARTED,,5,,SUPPLYING,,POINT_C
30105,22,TANK_EMPTY,,4,,EMPTY_AT_C,,POINT_C
30240,22,DISPATCH_READY,,,,,,
30240,22,WORKDAY_STARTED,,,,,,
30240,22,TRUCK_RETURN_DEPARTED,5,3,DRIVING_TO_A,IN_TRANSIT_TO_A,IN_TRANSIT_TO_A,IN_TRANSIT_TO_A
30240,22,TRUCK_RETURN_DEPARTED,1,4,DRIVING_TO_A,IN_TRANSIT_TO_A,IN_TRANSIT_TO_A,IN_TRANSIT_TO_A
30345,22,TRUCK_RETURN_ARRIVED,5,3,IDLE_AT_A,EMPTY_AT_A,POINT_A,POINT_A
30345,22,TRUCK_RETURN_ARRIVED,1,4,IDLE_AT_A,EMPTY_AT_A,POINT_A,POINT_A
30345,22,TANK_FILL_STARTED,,3,,FILLING,,POINT_A
30345,22,TANK_FILL_STARTED,,4,,FILLING,,POINT_A
30360,22,DISPATCH_READY,,,,,,
30360,22,TRUCK_DEPARTED,4,2,DRIVING_TO_C,IN_TRANSIT_TO_C,IN_TRANSIT_TO_C,IN_TRANSIT_TO_C
30465,22,SUPPLY_STARTED,,1,,SUPPLYING,,POINT_C
30465,22,TANK_FILL_COMPLETED,,3,,READY_AT_A,,POINT_A
30465,22,TANK_FILL_COMPLETED,,4,,READY_AT_A,,POINT_A
30465,22,TRUCK_ARRIVED,4,2,IDLE_AT_C,WAITING_AT_C,POINT_C,POINT_C
30525,22,TANK_EMPTY,,5,,EMPTY_AT_C,,POINT_C
30525,22,TRUCK_RETURN_DEPARTED,2,5,DRIVING_TO_A,IN_TRANSIT_TO_A,IN_TRANSIT_TO_A,IN_TRANSIT_TO_A
30630,22,TRUCK_RETURN_ARRIVED,2,5,IDLE_AT_A,EMPTY_AT_A,POINT_A,POINT_A
30630,22,TANK_FILL_STARTED,,5,,FILLING,,POINT_A
30750,22,TANK_FILL_COMPLETED,,5,,READY_AT_A,,POINT_A
30780,22,DISPATCH_READY,,,,,,
30780,22,TRUCK_DEPARTED,5,3,DRIVING_TO_C,IN_TRANSIT_TO_C,IN_TRANSIT_TO_C,IN_TRANSIT_TO_C
30780,22,TRUCK_DEPARTED,1,4,DRIVING_TO_C,IN_TRANSIT_TO_C,IN_TRANSIT_TO_C,IN_TRANSIT_TO_C
30780,22,TRUCK_DEPARTED,2,5,DRIVING_TO_C,IN_TRANSIT_TO_C,IN_TRANSIT_TO_C,IN_TRANSIT_TO_C
30885,22,SUPPLY_STARTED,,6,,SUPPLYING,,POINT_C
30885,22,TRUCK_ARRIVED,5,3,IDLE_AT_C,WAITING_AT_C,POINT_C,POINT_C
30885,22,TRUCK_ARRIVED,1,4,IDLE_AT_C,WAITING_AT_C,POINT_C,POINT_C
30885,22,TRUCK_ARRIVED,2,5,IDLE_AT_C,WAITING_AT_C,POINT_C,POINT_C
30945,22,TANK_EMPTY,,1,,EMPTY_AT_C,,POINT_C
30945,22,TRUCK_RETURN_DEPARTED,3,1,DRIVING_TO_A,IN_TRANSIT_TO_A,IN_TRANSIT_TO_A,IN_TRANSIT_TO_A
31050,22,TRUCK_RETURN_ARRIVED,3,1,IDLE_AT_A,EMPTY_AT_A,POINT_A,POINT_A
31050,22,TANK_FILL_STARTED,,1,,FILLING,,POINT_A
31170,22,TANK_FILL_COMPLETED,,1,,READY_AT_A,,POINT_A
31305,22,SUPPLY_STARTED,,2,,SUPPLYING,,POINT_C
31365,23,TANK_EMPTY,,6,,EMPTY_AT_C,,POINT_C
31680,23,WORKDAY_STARTED,,,,,,
31680,23,TRUCK_DEPARTED,3,1,DRIVING_TO_C,IN_TRANSIT_TO_C,IN_TRANSIT_TO_C,IN_TRANSIT_TO_C
31680,23,TRUCK_RETURN_DEPARTED,4,6,DRIVING_TO_A,IN_TRANSIT_TO_A,IN_TRANSIT_TO_A,IN_TRANSIT_TO_A
31725,23,SUPPLY_STARTED,,3,,SUPPLYING,,POINT_C
31785,23,TANK_EMPTY,,2,,EMPTY_AT_C,,POINT_C
31785,23,TRUCK_ARRIVED,3,1,IDLE_AT_C,WAITING_AT_C,POINT_C,POINT_C
31785,23,TRUCK_RETURN_ARRIVED,4,6,IDLE_AT_A,EMPTY_AT_A,POINT_A,POINT_A
31785,23,TRUCK_RETURN_DEPARTED,5,2,DRIVING_TO_A,IN_TRANSIT_TO_A,IN_TRANSIT_TO_A,IN_TRANSIT_TO_A
31785,23,TANK_FILL_STARTED,,6,,FILLING,,POINT_A
31890,23,TRUCK_RETURN_ARRIVED,5,2,IDLE_AT_A,EMPTY_AT_A,POINT_A,POINT_A
31890,23,TANK_FILL_STARTED,,2,,FILLING,,POINT_A
31905,23,TANK_FILL_COMPLETED,,6,,READY_AT_A,,POINT_A
32010,23,TANK_FILL_COMPLETED,,2,,READY_AT_A,,POINT_A
32040,23,DISPATCH_READY,,,,,,
32040,23,TRUCK_DEPARTED,4,6,DRIVING_TO_C,IN_TRANSIT_TO_C,IN_TRANSIT_TO_C,IN_TRANSIT_TO_C
32040,23,TRUCK_DEPARTED,5,2,DRIVING_TO_C,IN_TRANSIT_TO_C,IN_TRANSIT_TO_C,IN_TRANSIT_TO_C
32145,23,SUPPLY_STARTED,,4,,SUPPLYING,,POINT_C
32145,23,TRUCK_ARRIVED,4,6,IDLE_AT_C,WAITING_AT_C,POINT_C,POINT_C
32145,23,TRUCK_ARRIVED,5,2,IDLE_AT_C,WAITING_AT_C,POINT_C,POINT_C
32205,23,TANK_EMPTY,,3,,EMPTY_AT_C,,POINT_C
32205,23,TRUCK_RETURN_DEPARTED,1,3,DRIVING_TO_A,IN_TRANSIT_TO_A,IN_TRANSIT_TO_A,IN_TRANSIT_TO_A
32310,23,TRUCK_RETURN_ARRIVED,1,3,IDLE_AT_A,EMPTY_AT_A,POINT_A,POINT_A
32310,23,TANK_FILL_STARTED,,3,,FILLING,,POINT_A
32430,23,TANK_FILL_COMPLETED,,3,,READY_AT_A,,POINT_A
32565,23,SUPPLY_STARTED,,5,,SUPPLYING,,POINT_C
32625,23,TANK_EMPTY,,4,,EMPTY_AT_C,,POINT_C
32985,24,SUPPLY_STARTED,,1,,SUPPLYING,,POINT_C
33045,24,TANK_EMPTY,,5,,EMPTY_AT_C,,POINT_C
33120,24,WORKDAY_STARTED,,,,,,
33120,24,TRUCK_RETURN_DEPARTED,2,4,DRIVING_TO_A,IN_TRANSIT_TO_A,IN_TRANSIT_TO_A,IN_TRANSIT_TO_A
33120,24,TRUCK_RETURN_DEPARTED,3,5,DRIVING_TO_A,IN_TRANSIT_TO_A,IN_TRANSIT_TO_A,IN_TRANSIT_TO_A
33225,24,TRUCK_RETURN_ARRIVED,2,4,IDLE_AT_A,EMPTY_AT_A,POINT_A,POINT_A
33225,24,TRUCK_RETURN_ARRIVED,3,5,IDLE_AT_A,EMPTY_AT_A,POINT_A,POINT_A
33225,24,TANK_FILL_STARTED,,4,,FILLING,,POINT_A
33225,24,TANK_FILL_STARTED,,5,,FILLING,,POINT_A
33300,24,DISPATCH_READY,,,,,,
33300,24,TRUCK_DEPARTED,1,3,DRIVING_TO_C,IN_TRANSIT_TO_C,IN_TRANSIT_TO_C,IN_TRANSIT_TO_C
33345,24,TANK_FILL_COMPLETED,,4,,READY_AT_A,,POINT_A
33345,24,TANK_FILL_COMPLETED,,5,,READY_AT_A,,POINT_A
33345,24,TRUCK_DEPARTED,2,4,DRIVING_TO_C,IN_TRANSIT_TO_C,IN_TRANSIT_TO_C,IN_TRANSIT_TO_C
33345,24,TRUCK_DEPARTED,3,5,DRIVING_TO_C,IN_TRANSIT_TO_C,IN_TRANSIT_TO_C,IN_TRANSIT_TO_C
33405,24,SUPPLY_STARTED,,6,,SUPPLYING,,POINT_C
33405,24,TRUCK_ARRIVED,1,3,IDLE_AT_C,WAITING_AT_C,POINT_C,POINT_C
33450,24,TRUCK_ARRIVED,2,4,IDLE_AT_C,WAITING_AT_C,POINT_C,POINT_C
33450,24,TRUCK_ARRIVED,3,5,IDLE_AT_C,WAITING_AT_C,POINT_C,POINT_C
33465,24,TANK_EMPTY,,1,,EMPTY_AT_C,,POINT_C
33465,24,TRUCK_RETURN_DEPARTED,4,1,DRIVING_TO_A,IN_TRANSIT_TO_A,IN_TRANSIT_TO_A,IN_TRANSIT_TO_A
33570,24,TRUCK_RETURN_ARRIVED,4,1,IDLE_AT_A,EMPTY_AT_A,POINT_A,POINT_A
33570,24,TANK_FILL_STARTED,,1,,FILLING,,POINT_A
33690,24,TANK_FILL_COMPLETED,,1,,READY_AT_A,,POINT_A
33720,24,DISPATCH_READY,,,,,,
33720,24,TRUCK_DEPARTED,4,1,DRIVING_TO_C,IN_TRANSIT_TO_C,IN_TRANSIT_TO_C,IN_TRANSIT_TO_C
33825,24,SUPPLY_STARTED,,2,,SUPPLYING,,POINT_C
33825,24,TRUCK_ARRIVED,4,1,IDLE_AT_C,WAITING_AT_C,POINT_C,POINT_C
33885,24,TANK_EMPTY,,6,,EMPTY_AT_C,,POINT_C
34245,25,SUPPLY_STARTED,,3,,SUPPLYING,,POINT_C
34305,25,TANK_EMPTY,,2,,EMPTY_AT_C,,POINT_C
34560,25,WORKDAY_STARTED,,,,,,
34560,25,TRUCK_RETURN_DEPARTED,5,6,DRIVING_TO_A,IN_TRANSIT_TO_A,IN_TRANSIT_TO_A,IN_TRANSIT_TO_A
34560,25,TRUCK_RETURN_DEPARTED,1,2,DRIVING_TO_A,IN_TRANSIT_TO_A,IN_TRANSIT_TO_A,IN_TRANSIT_TO_A
34665,25,SUPPLY_STARTED,,4,,SUPPLYING,,POINT_C
34665,25,TRUCK_RETURN_ARRIVED,5,6,IDLE_AT_A,EMPTY_AT_A,POINT_A,POINT_A
34665,25,TRUCK_RETURN_ARRIVED,1,2,IDLE_AT_A,EMPTY_AT_A,POINT_A,POINT_A
34665,25,TANK_FILL_STARTED,,6,,FILLING,,POINT_A
34665,25,TANK_FILL_STARTED,,2,,FILLING,,POINT_A
34725,25,TANK_EMPTY,,3,,EMPTY_AT_C,,POINT_C
34725,25,TRUCK_RETURN_DEPARTED,2,3,DRIVING_TO_A,IN_TRANSIT_TO_A,IN_TRANSIT_TO_A,IN_TRANSIT_TO_A
34785,25,TANK_FILL_COMPLETED,,6,,READY_AT_A,,POINT_A
34785,25,TANK_FILL_COMPLETED,,2,,READY_AT_A,,POINT_A
34830,25,TRUCK_RETURN_ARRIVED,2,3,IDLE_AT_A,EMPTY_AT_A,POINT_A,POINT_A
34830,25,TANK_FILL_STARTED,,3,,FILLING,,POINT_A
34950,25,TANK_FILL_COMPLETED,,3,,READY_AT_A,,POINT_A
34980,25,DISPATCH_READY,,,,,,
34980,25,TRUCK_DEPARTED,5,6,DRIVING_TO_C,IN_TRANSIT_TO_C,IN_TRANSIT_TO_C,IN_TRANSIT_TO_C
34980,25,TRUCK_DEPARTED,1,2,DRIVING_TO_C,IN_TRANSIT_TO_C,IN_TRANSIT_TO_C,IN_TRANSIT_TO_C
34980,25,TRUCK_DEPARTED,2,3,DRIVING_TO_C,IN_TRANSIT_TO_C,IN_TRANSIT_TO_C,IN_TRANSIT_TO_C
35085,25,SUPPLY_STARTED,,5,,SUPPLYING,,POINT_C
35085,25,TRUCK_ARRIVED,5,6,IDLE_AT_C,WAITING_AT_C,POINT_C,POINT_C
35085,25,TRUCK_ARRIVED,1,2,IDLE_AT_C,WAITING_AT_C,POINT_C,POINT_C
35085,25,TRUCK_ARRIVED,2,3,IDLE_AT_C,WAITING_AT_C,POINT_C,POINT_C
35145,25,TANK_EMPTY,,4,,EMPTY_AT_C,,POINT_C
35145,25,TRUCK_RETURN_DEPARTED,3,4,DRIVING_TO_A,IN_TRANSIT_TO_A,IN_TRANSIT_TO_A,IN_TRANSIT_TO_A
35250,25,TRUCK_RETURN_ARRIVED,3,4,IDLE_AT_A,EMPTY_AT_A,POINT_A,POINT_A
35250,25,TANK_FILL_STARTED,,4,,FILLING,,POINT_A
35370,25,TANK_FILL_COMPLETED,,4,,READY_AT_A,,POINT_A
35505,25,SUPPLY_STARTED,,1,,SUPPLYING,,POINT_C
35565,25,TANK_EMPTY,,5,,EMPTY_AT_C,,POINT_C
35925,26,SUPPLY_STARTED,,6,,SUPPLYING,,POINT_C
35985,26,TANK_EMPTY,,1,,EMPTY_AT_C,,POINT_C
36000,26,WORKDAY_STARTED,,,,,,
36000,26,TRUCK_RETURN_DEPARTED,4,5,DRIVING_TO_A,IN_TRANSIT_TO_A,IN_TRANSIT_TO_A,IN_TRANSIT_TO_A
36000,26,TRUCK_RETURN_DEPARTED,5,1,DRIVING_TO_A,IN_TRANSIT_TO_A,IN_TRANSIT_TO_A,IN_TRANSIT_TO_A
36105,26,TRUCK_RETURN_ARRIVED,4,5,IDLE_AT_A,EMPTY_AT_A,POINT_A,POINT_A
36105,26,TRUCK_RETURN_ARRIVED,5,1,IDLE_AT_A,EMPTY_AT_A,POINT_A,POINT_A
36105,26,TANK_FILL_STARTED,,5,,FILLING,,POINT_A
36105,26,TANK_FILL_STARTED,,1,,FILLING,,POINT_A
36225,26,TANK_FILL_COMPLETED,,5,,READY_AT_A,,POINT_A
36225,26,TANK_FILL_COMPLETED,,1,,READY_AT_A,,POINT_A
36240,26,DISPATCH_READY,,,,,,
36240,26,TRUCK_DEPARTED,3,4,DRIVING_TO_C,IN_TRANSIT_TO_C,IN_TRANSIT_TO_C,IN_TRANSIT_TO_C
36240,26,TRUCK_DEPARTED,4,5,DRIVING_TO_C,IN_TRANSIT_TO_C,IN_TRANSIT_TO_C,IN_TRANSIT_TO_C
36240,26,TRUCK_DEPARTED,5,1,DRIVING_TO_C,IN_TRANSIT_TO_C,IN_TRANSIT_TO_C,IN_TRANSIT_TO_C
36345,26,SUPPLY_STARTED,,2,,SUPPLYING,,POINT_C
36345,26,TRUCK_ARRIVED,3,4,IDLE_AT_C,WAITING_AT_C,POINT_C,POINT_C
36345,26,TRUCK_ARRIVED,4,5,IDLE_AT_C,WAITING_AT_C,POINT_C,POINT_C
36345,26,TRUCK_ARRIVED,5,1,IDLE_AT_C,WAITING_AT_C,POINT_C,POINT_C
36405,26,TANK_EMPTY,,6,,EMPTY_AT_C,,POINT_C
36405,26,TRUCK_RETURN_DEPARTED,1,6,DRIVING_TO_A,IN_TRANSIT_TO_A,IN_TRANSIT_TO_A,IN_TRANSIT_TO_A
36510,26,TRUCK_RETURN_ARRIVED,1,6,IDLE_AT_A,EMPTY_AT_A,POINT_A,POINT_A
36510,26,TANK_FILL_STARTED,,6,,FILLING,,POINT_A
36630,26,TANK_FILL_COMPLETED,,6,,READY_AT_A,,POINT_A
36660,26,DISPATCH_READY,,,,,,
36660,26,TRUCK_DEPARTED,1,6,DRIVING_TO_C,IN_TRANSIT_TO_C,IN_TRANSIT_TO_C,IN_TRANSIT_TO_C
36765,26,SUPPLY_STARTED,,3,,SUPPLYING,,POINT_C
36765,26,TRUCK_ARRIVED,1,6,IDLE_AT_C,WAITING_AT_C,POINT_C,POINT_C
36825,26,TANK_EMPTY,,2,,EMPTY_AT_C,,POINT_C
37185,27,SUPPLY_STARTED,,4,,SUPPLYING,,POINT_C
37245,27,TANK_EMPTY,,3,,EMPTY_AT_C,,POINT_C
37440,27,WORKDAY_STARTED,,,,,,
37440,27,TRUCK_RETURN_DEPARTED,2,2,DRIVING_TO_A,IN_TRANSIT_TO_A,IN_TRANSIT_TO_A,IN_TRANSIT_TO_A
37440,27,TRUCK_RETURN_DEPARTED,3,3,DRIVING_TO_A,IN_TRANSIT_TO_A,IN_TRANSIT_TO_A,IN_TRANSIT_TO_A
37545,27,TRUCK_RETURN_ARRIVED,2,2,IDLE_AT_A,EMPTY_AT_A,POINT_A,POINT_A
37545,27,TRUCK_RETURN_ARRIVED,3,3,IDLE_AT_A,EMPTY_AT_A,POINT_A,POINT_A
37545,27,TANK_FILL_STARTED,,2,,FILLING,,POINT_A
37545,27,TANK_FILL_STARTED,,3,,FILLING,,POINT_A
37605,27,SUPPLY_STARTED,,5,,SUPPLYING,,POINT_C
37665,27,TANK_EMPTY,,4,,EMPTY_AT_C,,POINT_C
37665,27,TANK_FILL_COMPLETED,,2,,READY_AT_A,,POINT_A
37665,27,TANK_FILL_COMPLETED,,3,,READY_AT_A,,POINT_A
37665,27,TRUCK_RETURN_DEPARTED,4,4,DRIVING_TO_A,IN_TRANSIT_TO_A,IN_TRANSIT_TO_A,IN_TRANSIT_TO_A
37770,27,TRUCK_RETURN_ARRIVED,4,4,IDLE_AT_A,EMPTY_AT_A,POINT_A,POINT_A
37770,27,TANK_FILL_STARTED,,4,,FILLING,,POINT_A
37890,27,TANK_FILL_COMPLETED,,4,,READY_AT_A,,POINT_A
37920,27,DISPATCH_READY,,,,,,
37920,27,TRUCK_DEPARTED,2,2,DRIVING_TO_C,IN_TRANSIT_TO_C,IN_TRANSIT_TO_C,IN_TRANSIT_TO_C
37920,27,TRUCK_DEPARTED,3,3,DRIVING_TO_C,IN_TRANSIT_TO_C,IN_TRANSIT_TO_C,IN_TRANSIT_TO_C
37920,27,TRUCK_DEPARTED,4,4,DRIVING_TO_C,IN_TRANSIT_TO_C,IN_TRANSIT_TO_C,IN_TRANSIT_TO_C
38025,27,SUPPLY_STARTED,,1,,SUPPLYING,,POINT_C
38025,27,TRUCK_ARRIVED,2,2,IDLE_AT_C,WAITING_AT_C,POINT_C,POINT_C
38025,27,TRUCK_ARRIVED,3,3,IDLE_AT_C,WAITING_AT_C,POINT_C,POINT_C
38025,27,TRUCK_ARRIVED,4,4,IDLE_AT_C,WAITING_AT_C,POINT_C,POINT_C
38085,27,TANK_EMPTY,,5,,EMPTY_AT_C,,POINT_C
38085,27,TRUCK_RETURN_DEPARTED,5,5,DRIVING_TO_A,IN_TRANSIT_TO_A,IN_TRANSIT_TO_A,IN_TRANSIT_TO_A
38190,27,TRUCK_RETURN_ARRIVED,5,5,IDLE_AT_A,EMPTY_AT_A,POINT_A,POINT_A
38190,27,TANK_FILL_STARTED,,5,,FILLING,,POINT_A
38310,27,TANK_FILL_COMPLETED,,5,,READY_AT_A,,POINT_A
38445,27,SUPPLY_STARTED,,6,,SUPPLYING,,POINT_C
38505,27,TANK_EMPTY,,1,,EMPTY_AT_C,,POINT_C
38865,28,SUPPLY_STARTED,,2,,SUPPLYING,,POINT_C
38880,28,WORKDAY_STARTED,,,,,,
38880,28,TRUCK_RETURN_DEPARTED,1,1,DRIVING_TO_A,IN_TRANSIT_TO_A,IN_TRANSIT_TO_A,IN_TRANSIT_TO_A
38925,28,TANK_EMPTY,,6,,EMPTY_AT_C,,POINT_C
38925,28,TRUCK_RETURN_DEPARTED,2,6,DRIVING_TO_A,IN_TRANSIT_TO_A,IN_TRANSIT_TO_A,IN_TRANSIT_TO_A
38985,28,TRUCK_RETURN_ARRIVED,1,1,IDLE_AT_A,EMPTY_AT_A,POINT_A,POINT_A
38985,28,TANK_FILL_STARTED,,1,,FILLING,,POINT_A
39030,28,TRUCK_RETURN_ARRIVED,2,6,IDLE_AT_A,EMPTY_AT_A,POINT_A,POINT_A
39030,28,TANK_FILL_STARTED,,6,,FILLING,,POINT_A
39105,28,TANK_FILL_COMPLETED,,1,,READY_AT_A,,POINT_A
39150,28,TANK_FILL_COMPLETED,,6,,READY_AT_A,,POINT_A
39180,28,DISPATCH_READY,,,,,,
39180,28,TRUCK_DEPARTED,5,5,DRIVING_TO_C,IN_TRANSIT_TO_C,IN_TRANSIT_TO_C,IN_TRANSIT_TO_C
39180,28,TRUCK_DEPARTED,1,1,DRIVING_TO_C,IN_TRANSIT_TO_C,IN_TRANSIT_TO_C,IN_TRANSIT_TO_C
39180,28,TRUCK_DEPARTED,2,6,DRIVING_TO_C,IN_TRANSIT_TO_C,IN_TRANSIT_TO_C,IN_TRANSIT_TO_C
39285,28,SUPPLY_STARTED,,3,,SUPPLYING,,POINT_C
39285,28,TRUCK_ARRIVED,5,5,IDLE_AT_C,WAITING_AT_C,POINT_C,POINT_C
39285,28,TRUCK_ARRIVED,1,1,IDLE_AT_C,WAITING_AT_C,POINT_C,POINT_C
39285,28,TRUCK_ARRIVED,2,6,IDLE_AT_C,WAITING_AT_C,POINT_C,POINT_C
39345,28,TANK_EMPTY,,2,,EMPTY_AT_C,,POINT_C
39345,28,TRUCK_RETURN_DEPARTED,3,2,DRIVING_TO_A,IN_TRANSIT_TO_A,IN_TRANSIT_TO_A,IN_TRANSIT_TO_A
39450,28,TRUCK_RETURN_ARRIVED,3,2,IDLE_AT_A,EMPTY_AT_A,POINT_A,POINT_A
39450,28,TANK_FILL_STARTED,,2,,FILLING,,POINT_A
39570,28,TANK_FILL_COMPLETED,,2,,READY_AT_A,,POINT_A
39705,28,SUPPLY_STARTED,,4,,SUPPLYING,,POINT_C
39765,28,TANK_EMPTY,,3,,EMPTY_AT_C,,POINT_C
40125,29,SUPPLY_STARTED,,5,,SUPPLYING,,POINT_C
40185,29,TANK_EMPTY,,4,,EMPTY_AT_C,,POINT_C
40320,29,DISPATCH_READY,,,,,,
40320,29,WORKDAY_STARTED,,,,,,
40320,29,TRUCK_RETURN_DEPARTED,4,3,DRIVING_TO_A,IN_TRANSIT_TO_A,IN_TRANSIT_TO_A,IN_TRANSIT_TO_A
40320,29,TRUCK_RETURN_DEPARTED,5,4,DRIVING_TO_A,IN_TRANSIT_TO_A,IN_TRANSIT_TO_A,IN_TRANSIT_TO_A
40425,29,TRUCK_RETURN_ARRIVED,4,3,IDLE_AT_A,EMPTY_AT_A,POINT_A,POINT_A
40425,29,TRUCK_RETURN_ARRIVED,5,4,IDLE_AT_A,EMPTY_AT_A,POINT_A,POINT_A
40425,29,TANK_FILL_STARTED,,3,,FILLING,,POINT_A
40425,29,TANK_FILL_STARTED,,4,,FILLING,,POINT_A
40440,29,DISPATCH_READY,,,,,,
40440,29,TRUCK_DEPARTED,3,2,DRIVING_TO_C,IN_TRANSIT_TO_C,IN_TRANSIT_TO_C,IN_TRANSIT_TO_C
40545,29,SUPPLY_STARTED,,1,,SUPPLYING,,POINT_C
40545,29,TANK_FILL_COMPLETED,,3,,READY_AT_A,,POINT_A
40545,29,TANK_FILL_COMPLETED,,4,,READY_AT_A,,POINT_A
40545,29,TRUCK_ARRIVED,3,2,IDLE_AT_C,WAITING_AT_C,POINT_C,POINT_C
40605,29,TANK_EMPTY,,5,,EMPTY_AT_C,,POINT_C
40605,29,TRUCK_RETURN_DEPARTED,1,5,DRIVING_TO_A,IN_TRANSIT_TO_A,IN_TRANSIT_TO_A,IN_TRANSIT_TO_A
40710,29,TRUCK_RETURN_ARRIVED,1,5,IDLE_AT_A,EMPTY_AT_A,POINT_A,POINT_A
40710,29,TANK_FILL_STARTED,,5,,FILLING,,POINT_A
40830,29,TANK_FILL_COMPLETED,,5,,READY_AT_A,,POINT_A
40860,29,DISPATCH_READY,,,,,,
40860,29,TRUCK_DEPARTED,4,3,DRIVING_TO_C,IN_TRANSIT_TO_C,IN_TRANSIT_TO_C,IN_TRANSIT_TO_C
40860,29,TRUCK_DEPARTED,5,4,DRIVING_TO_C,IN_TRANSIT_TO_C,IN_TRANSIT_TO_C,IN_TRANSIT_TO_C
40860,29,TRUCK_DEPARTED,1,5,DRIVING_TO_C,IN_TRANSIT_TO_C,IN_TRANSIT_TO_C,IN_TRANSIT_TO_C
40965,29,SUPPLY_STARTED,,6,,SUPPLYING,,POINT_C
40965,29,TRUCK_ARRIVED,4,3,IDLE_AT_C,WAITING_AT_C,POINT_C,POINT_C
40965,29,TRUCK_ARRIVED,5,4,IDLE_AT_C,WAITING_AT_C,POINT_C,POINT_C
40965,29,TRUCK_ARRIVED,1,5,IDLE_AT_C,WAITING_AT_C,POINT_C,POINT_C
41025,29,TANK_EMPTY,,1,,EMPTY_AT_C,,POINT_C
41025,29,TRUCK_RETURN_DEPARTED,2,1,DRIVING_TO_A,IN_TRANSIT_TO_A,IN_TRANSIT_TO_A,IN_TRANSIT_TO_A
41130,29,TRUCK_RETURN_ARRIVED,2,1,IDLE_AT_A,EMPTY_AT_A,POINT_A,POINT_A
41130,29,TANK_FILL_STARTED,,1,,FILLING,,POINT_A
41250,29,TANK_FILL_COMPLETED,,1,,READY_AT_A,,POINT_A
41385,29,SUPPLY_STARTED,,2,,SUPPLYING,,POINT_C
41445,30,TANK_EMPTY,,6,,EMPTY_AT_C,,POINT_C
41760,30,WORKDAY_STARTED,,,,,,
41760,30,TRUCK_DEPARTED,2,1,DRIVING_TO_C,IN_TRANSIT_TO_C,IN_TRANSIT_TO_C,IN_TRANSIT_TO_C
41760,30,TRUCK_RETURN_DEPARTED,3,6,DRIVING_TO_A,IN_TRANSIT_TO_A,IN_TRANSIT_TO_A,IN_TRANSIT_TO_A
41805,30,SUPPLY_STARTED,,3,,SUPPLYING,,POINT_C
41865,30,TANK_EMPTY,,2,,EMPTY_AT_C,,POINT_C
41865,30,TRUCK_ARRIVED,2,1,IDLE_AT_C,WAITING_AT_C,POINT_C,POINT_C
41865,30,TRUCK_RETURN_ARRIVED,3,6,IDLE_AT_A,EMPTY_AT_A,POINT_A,POINT_A
41865,30,TRUCK_RETURN_DEPARTED,4,2,DRIVING_TO_A,IN_TRANSIT_TO_A,IN_TRANSIT_TO_A,IN_TRANSIT_TO_A
41865,30,TANK_FILL_STARTED,,6,,FILLING,,POINT_A
41970,30,TRUCK_RETURN_ARRIVED,4,2,IDLE_AT_A,EMPTY_AT_A,POINT_A,POINT_A
41970,30,TANK_FILL_STARTED,,2,,FILLING,,POINT_A
41985,30,TANK_FILL_COMPLETED,,6,,READY_AT_A,,POINT_A
42090,30,TANK_FILL_COMPLETED,,2,,READY_AT_A,,POINT_A
42120,30,DISPATCH_READY,,,,,,
42120,30,TRUCK_DEPARTED,3,6,DRIVING_TO_C,IN_TRANSIT_TO_C,IN_TRANSIT_TO_C,IN_TRANSIT_TO_C
42120,30,TRUCK_DEPARTED,4,2,DRIVING_TO_C,IN_TRANSIT_TO_C,IN_TRANSIT_TO_C,IN_TRANSIT_TO_C
42225,30,SUPPLY_STARTED,,4,,SUPPLYING,,POINT_C
42225,30,TRUCK_ARRIVED,3,6,IDLE_AT_C,WAITING_AT_C,POINT_C,POINT_C
42225,30,TRUCK_ARRIVED,4,2,IDLE_AT_C,WAITING_AT_C,POINT_C,POINT_C
42285,30,TANK_EMPTY,,3,,EMPTY_AT_C,,POINT_C
42285,30,TRUCK_RETURN_DEPARTED,5,3,DRIVING_TO_A,IN_TRANSIT_TO_A,IN_TRANSIT_TO_A,IN_TRANSIT_TO_A
42390,30,TRUCK_RETURN_ARRIVED,5,3,IDLE_AT_A,EMPTY_AT_A,POINT_A,POINT_A
42390,30,TANK_FILL_STARTED,,3,,FILLING,,POINT_A
42510,30,TANK_FILL_COMPLETED,,3,,READY_AT_A,,POINT_A
42645,30,SUPPLY_STARTED,,5,,SUPPLYING,,POINT_C
42705,30,TANK_EMPTY,,4,,EMPTY_AT_C,,POINT_C
